asset_id,vibration_rms,temperature_c,hours_run,oil_pressure_psi,motor_amps,days_to_failure
ASSET-0000,6.305,91.7,18274.4,55.79,35.46,0.5
ASSET-0001,3.792,62.2,2887.1,67.54,41.91,24.92
ASSET-0002,6.939,102.3,13586.4,65.18,41.67,1.62
ASSET-0003,5.73,81.57,16308.0,73.55,30.98,12.56
ASSET-0004,1.206,48.82,4781.6,68.35,42.13,35.94
ASSET-0005,7.817,50.06,5596.5,34.84,21.67,11.57
ASSET-0006,6.209,88.52,19293.9,53.35,5.14,0.5
ASSET-0007,6.395,52.11,5365.5,37.84,7.5,22.71
ASSET-0008,1.461,75.51,8656.1,39.79,9.38,29.98
ASSET-0009,3.878,109.42,8707.1,75.92,8.81,20.8
ASSET-0010,3.281,40.28,5135.4,60.91,19.07,36.81
ASSET-0011,7.451,41.16,15538.2,78.48,33.05,10.4
ASSET-0012,5.329,109.52,15459.8,45.01,36.63,0.5
ASSET-0013,6.671,80.92,7628.5,52.25,28.61,10.63
ASSET-0014,3.826,48.88,16719.0,49.23,10.86,16.61
ASSET-0015,2.204,102.81,4340.2,26.44,34.92,21.93
ASSET-0016,4.659,101.63,185.7,34.2,19.19,22.74
ASSET-0017,0.979,77.53,11466.2,51.66,5.52,33.54
ASSET-0018,6.707,83.53,19882.1,24.04,16.22,0.5
ASSET-0019,5.237,59.12,869.0,75.89,18.22,30.63
ASSET-0020,6.186,43.54,4239.2,27.43,15.97,19.62
ASSET-0021,3.159,81.62,10426.4,31.88,37.47,12.01
ASSET-0022,7.78,60.63,16217.8,65.92,35.4,0.5
ASSET-0023,7.198,86.45,1871.9,25.82,32.82,12.51
ASSET-0024,6.338,98.54,7965.2,74.02,10.56,17.56
ASSET-0025,1.96,41.27,14966.8,63.54,37.31,27.09
ASSET-0026,4.0,81.7,7493.7,24.12,32.09,15.89
ASSET-0027,0.829,56.19,3857.8,61.51,12.79,44.96
ASSET-0028,1.657,101.17,3990.4,57.9,30.92,31.45
ASSET-0029,5.623,57.76,8260.0,65.44,24.34,22.4
ASSET-0030,6.086,82.75,9640.4,69.69,22.57,14.84
ASSET-0031,7.756,78.75,17250.1,63.1,9.48,6.9
ASSET-0032,2.944,67.73,12880.8,55.17,25.73,20.86
ASSET-0033,3.278,87.43,13839.0,39.35,9.0,15.86
ASSET-0034,4.022,90.8,19661.4,61.84,11.57,7.28
ASSET-0035,1.921,79.69,8295.7,77.42,10.3,36.15
ASSET-0036,1.474,93.09,8126.8,55.25,43.16,25.16
ASSET-0037,4.068,108.84,18474.6,59.86,16.39,5.78
ASSET-0038,2.202,69.35,4992.9,46.23,19.21,35.68
ASSET-0039,5.524,76.02,14623.3,65.37,17.88,7.3
ASSET-0040,3.779,40.87,15116.0,79.86,40.93,19.82
ASSET-0041,6.745,95.72,2046.0,29.62,27.52,11.99
ASSET-0042,5.752,76.42,9417.8,32.14,41.77,4.9
ASSET-0043,2.843,68.56,4091.2,52.37,17.0,39.02
ASSET-0044,6.742,46.59,3789.0,48.88,9.59,26.06
ASSET-0045,6.536,102.28,9330.2,54.29,27.25,5.59
ASSET-0046,3.406,67.65,5859.7,22.94,18.82,24.49
ASSET-0047,2.662,87.78,15941.6,44.26,37.08,4.71
ASSET-0048,5.619,50.46,18161.3,54.98,40.18,3.25
ASSET-0049,1.548,107.31,16074.1,55.11,23.9,16.99
ASSET-0050,1.999,52.49,5394.0,59.44,43.85,29.86
ASSET-0051,0.555,53.97,5555.3,63.21,27.12,38.27
ASSET-0052,6.402,100.13,5169.1,58.49,15.84,19.18
ASSET-0053,5.486,103.88,2787.3,67.41,24.56,23.52
ASSET-0054,5.789,54.85,18881.6,57.49,6.49,13.04
ASSET-0055,6.355,72.89,8100.8,52.25,37.16,10.03
ASSET-0056,3.942,91.34,4571.3,56.37,9.06,26.85
ASSET-0057,4.766,101.49,16948.8,26.07,17.35,0.5
ASSET-0058,1.548,66.53,8044.0,36.39,27.61,25.28
ASSET-0059,1.359,76.19,798.8,51.64,6.72,40.23
ASSET-0060,5.513,91.92,3322.6,72.38,8.17,24.89
ASSET-0061,4.033,91.18,12821.1,60.74,32.84,9.41
ASSET-0062,4.739,94.81,15679.8,25.42,7.87,2.69
ASSET-0063,6.237,79.9,4297.6,55.54,24.08,19.16
ASSET-0064,5.26,47.32,18356.2,33.3,18.55,9.37
ASSET-0065,4.652,103.28,17034.8,64.04,14.12,12.21
ASSET-0066,4.694,100.59,16982.8,69.65,12.55,7.93
ASSET-0067,2.78,95.87,4630.5,55.61,35.54,24.29
ASSET-0068,0.731,46.99,1105.7,55.48,43.06,42.01
ASSET-0069,3.775,54.31,17361.7,40.32,10.61,15.87
ASSET-0070,2.109,92.05,6185.4,46.78,43.39,23.09
ASSET-0071,3.564,41.62,12416.4,71.85,28.79,27.52
ASSET-0072,6.901,108.55,15223.3,63.4,30.67,0.5
ASSET-0073,2.255,66.4,2653.0,51.19,33.4,32.14
ASSET-0074,0.937,90.35,15638.7,42.09,33.16,14.9
ASSET-0075,2.61,102.13,18776.4,23.02,37.79,0.5
ASSET-0076,2.702,67.62,14594.7,28.58,24.34,13.66
ASSET-0077,5.464,62.34,8880.3,31.58,26.33,13.04
ASSET-0078,4.678,82.61,17545.9,42.4,17.95,3.97
ASSET-0079,6.379,80.67,10596.4,76.65,9.21,18.44
ASSET-0080,5.482,68.64,14920.9,50.31,31.59,10.64
ASSET-0081,3.548,82.12,16428.1,34.09,6.34,11.21
ASSET-0082,6.605,105.48,15012.1,26.35,16.03,0.5
ASSET-0083,1.752,72.73,5828.3,40.3,8.77,31.37
ASSET-0084,0.67,53.77,2445.1,68.94,12.63,47.46
ASSET-0085,1.175,66.4,4842.9,43.0,30.55,31.36
ASSET-0086,5.918,67.59,10107.2,66.35,30.14,16.49
ASSET-0087,3.964,49.18,10155.0,68.16,21.84,25.14
ASSET-0088,1.71,51.4,11694.6,26.65,8.61,31.42
ASSET-0089,4.258,87.92,7962.5,56.52,22.33,19.07
ASSET-0090,1.642,63.76,15759.1,77.55,19.11,25.39
ASSET-0091,5.722,106.84,18271.8,44.13,33.82,0.5
ASSET-0092,3.846,57.05,5009.8,23.06,28.16,24.26
ASSET-0093,3.358,46.92,14756.8,75.4,24.66,26.28
ASSET-0094,2.761,92.75,13591.6,73.02,24.48,19.48
ASSET-0095,5.227,101.67,10509.5,51.33,43.65,10.54
ASSET-0096,3.214,59.47,3851.8,53.14,35.25,32.92
ASSET-0097,1.157,54.15,15925.1,32.7,24.88,21.16
ASSET-0098,1.385,53.0,19216.5,69.17,24.17,22.31
ASSET-0099,7.714,76.54,14464.5,49.92,6.06,7.13
ASSET-0100,7.314,72.79,18365.4,22.03,42.7,0.5
ASSET-0101,5.748,58.16,19685.3,60.98,17.77,10.94
ASSET-0102,2.494,43.16,7105.8,77.03,15.24,40.17
ASSET-0103,7.769,73.7,12800.6,69.75,44.98,2.17
ASSET-0104,6.341,107.15,9531.3,36.63,33.75,3.56
ASSET-0105,5.877,85.68,19733.9,23.2,6.89,3.96
ASSET-0106,3.87,74.69,1966.8,76.42,7.48,37.63
ASSET-0107,2.542,47.75,8306.3,76.22,6.02,38.75
ASSET-0108,1.223,57.67,17523.2,51.94,28.98,24.8
ASSET-0109,7.27,60.63,5752.6,58.54,7.86,23.95
ASSET-0110,3.918,93.54,15777.1,47.76,42.34,3.27
ASSET-0111,2.018,101.37,7717.4,45.19,42.48,18.01
ASSET-0112,2.795,103.11,19601.6,27.17,26.84,2.63
ASSET-0113,4.844,108.92,17682.2,25.81,29.67,0.5
ASSET-0114,1.826,108.77,6096.3,33.96,16.68,20.6
ASSET-0115,6.925,106.71,15426.8,70.2,7.56,0.71
ASSET-0116,6.189,45.03,6803.4,28.75,34.5,13.2
ASSET-0117,5.896,49.65,12166.6,33.6,9.07,13.76
ASSET-0118,3.741,61.31,13203.8,52.92,8.42,21.17
ASSET-0119,5.205,78.7,16608.9,32.91,17.45,7.21
ASSET-0120,4.881,46.79,586.6,29.79,5.5,33.73
ASSET-0121,5.374,99.21,4481.1,53.8,22.36,18.34
ASSET-0122,1.133,83.17,14267.2,42.09,33.31,15.01
ASSET-0123,3.619,77.97,11314.1,57.57,37.05,14.83
ASSET-0124,0.812,51.57,9962.5,74.73,29.17,37.35
ASSET-0125,4.205,57.73,1198.7,29.06,38.87,26.64
ASSET-0126,2.974,51.22,7030.7,74.81,21.26,32.72
ASSET-0127,1.584,99.64,17315.5,74.15,38.95,13.81
ASSET-0128,1.276,80.9,714.8,69.75,25.26,45.94
ASSET-0129,4.907,91.46,7989.1,57.88,13.92,19.2
ASSET-0130,1.779,60.72,18908.5,57.21,42.77,12.64
ASSET-0131,7.438,65.99,1112.5,58.35,16.0,23.1
ASSET-0132,4.858,68.34,15019.1,61.43,6.05,17.86
ASSET-0133,3.102,93.2,5226.5,20.99,14.71,21.92
ASSET-0134,4.932,94.06,17345.5,77.49,19.67,8.9
ASSET-0135,0.671,54.48,14946.8,55.14,19.05,25.81
ASSET-0136,7.689,105.91,17725.5,66.89,25.99,0.5
ASSET-0137,4.117,48.45,4396.9,42.64,40.33,24.57
ASSET-0138,6.371,102.73,10672.7,20.74,16.69,2.64
ASSET-0139,1.12,47.03,15607.5,50.58,25.83,24.73
ASSET-0140,4.15,58.52,4989.4,50.43,18.61,28.47
ASSET-0141,4.18,99.25,4691.9,46.22,37.87,16.54
ASSET-0142,7.534,52.56,640.9,40.38,11.3,26.92
ASSET-0143,4.788,68.95,19174.5,34.99,9.14,7.77
ASSET-0144,4.051,71.49,14229.3,51.65,25.12,15.36
ASSET-0145,2.502,57.17,12747.7,42.52,31.88,19.26
ASSET-0146,2.987,89.72,14905.5,78.2,36.82,16.16
ASSET-0147,4.405,99.59,10679.1,30.38,28.58,9.31
ASSET-0148,3.792,101.22,9575.1,39.18,35.95,13.01
ASSET-0149,0.662,63.75,9045.7,37.64,20.71,33.6
ASSET-0150,6.697,77.16,12844.7,52.6,6.31,12.85
ASSET-0151,7.221,57.39,4110.5,49.96,9.64,22.27
ASSET-0152,1.552,57.14,17772.4,58.62,6.55,26.99
ASSET-0153,4.655,51.29,16253.9,77.0,18.16,21.84
ASSET-0154,1.314,105.8,7056.3,37.11,24.82,21.81
ASSET-0155,5.542,102.16,11614.3,61.57,19.25,8.59
ASSET-0156,2.609,94.42,2906.4,21.5,27.42,23.79
ASSET-0157,5.446,76.24,19449.7,35.74,24.22,1.66
ASSET-0158,5.952,74.34,18067.6,47.82,32.12,0.5
ASSET-0159,6.265,77.08,18445.8,21.86,31.68,0.5
ASSET-0160,1.308,77.56,6710.0,57.06,17.72,33.49
ASSET-0161,7.37,70.42,3465.8,60.7,18.85,14.24
ASSET-0162,2.227,49.22,4314.3,64.8,28.41,36.71
ASSET-0163,0.781,48.8,1891.0,50.99,28.86,42.29
ASSET-0164,4.661,106.66,2490.2,56.24,17.59,22.33
ASSET-0165,3.282,73.74,1519.0,43.76,18.21,35.75
ASSET-0166,6.723,106.72,19797.5,22.48,32.76,0.5
ASSET-0167,6.562,51.45,1573.7,26.0,30.9,17.77
ASSET-0168,2.879,78.81,2737.6,59.3,10.4,28.88
ASSET-0169,7.647,54.54,16562.4,79.73,22.64,6.74
ASSET-0170,2.682,57.72,11646.8,20.95,40.71,14.83
ASSET-0171,4.363,42.1,15510.9,53.46,6.45,20.78
ASSET-0172,2.42,48.33,12655.1,65.06,39.21,26.9
ASSET-0173,7.52,104.18,17655.3,69.61,11.53,1.51
ASSET-0174,1.735,62.51,12805.5,52.71,25.29,25.41
ASSET-0175,0.837,82.57,10490.3,57.19,21.97,27.83
ASSET-0176,3.763,72.55,14283.7,61.8,5.41,24.04
ASSET-0177,7.943,68.03,9003.1,71.54,41.62,7.61
ASSET-0178,7.188,77.23,6986.7,27.34,23.2,6.77
ASSET-0179,6.115,53.11,9406.3,75.57,43.17,11.64
ASSET-0180,7.181,109.2,3477.3,21.56,16.47,7.01
ASSET-0181,7.201,97.28,15951.8,70.17,39.65,0.5
ASSET-0182,4.391,91.91,5288.0,24.6,41.9,17.77
ASSET-0183,2.869,72.81,3155.3,31.68,27.27,27.81
ASSET-0184,6.29,50.7,5002.4,20.23,13.11,18.39
ASSET-0185,5.462,104.45,16857.2,46.72,32.41,0.5
ASSET-0186,3.302,63.9,6671.0,40.06,26.96,26.37
ASSET-0187,1.209,43.51,13752.4,29.96,42.78,16.99
ASSET-0188,6.101,63.97,17142.6,47.07,22.57,6.98
ASSET-0189,2.468,95.61,1647.1,44.14,15.74,33.44
ASSET-0190,7.526,83.59,15324.0,66.06,10.53,6.65
ASSET-0191,2.307,92.56,6222.5,73.59,32.95,26.54
ASSET-0192,1.421,95.55,4410.8,59.15,43.96,28.06
ASSET-0193,6.733,54.84,13809.1,27.46,6.13,10.83
ASSET-0194,1.65,104.66,18205.0,37.72,34.62,4.89
ASSET-0195,1.845,70.66,5970.9,74.8,42.08,35.34
ASSET-0196,4.995,84.73,11419.8,25.32,7.99,11.78
ASSET-0197,7.059,40.16,5867.7,44.41,9.41,25.19
ASSET-0198,1.973,109.54,11130.3,76.55,32.68,13.68
ASSET-0199,2.827,59.66,12475.1,77.04,30.92,28.06
ASSET-0200,6.331,44.34,12245.7,44.67,7.75,21.3
ASSET-0201,7.789,72.08,12508.6,60.04,38.38,2.38
ASSET-0202,4.256,49.03,2788.1,47.4,25.94,32.03
ASSET-0203,1.579,50.66,13901.5,65.21,41.29,25.8
ASSET-0204,0.605,84.26,13527.5,21.89,40.12,14.11
ASSET-0205,2.222,67.5,13683.5,28.65,37.5,16.41
ASSET-0206,1.489,104.53,1574.0,56.85,25.64,30.43
ASSET-0207,5.582,62.34,8992.1,33.95,15.07,15.73
ASSET-0208,1.414,90.83,8239.8,59.96,25.24,30.54
ASSET-0209,4.297,72.28,1825.6,41.07,9.03,33.19
ASSET-0210,5.707,86.2,4525.1,73.2,31.35,17.97
ASSET-0211,4.858,81.98,8875.2,69.16,10.36,20.8
ASSET-0212,1.998,73.09,14883.8,49.57,25.45,17.85
ASSET-0213,6.531,106.5,4817.5,66.37,7.18,19.94
ASSET-0214,5.866,63.99,16612.0,36.27,16.98,4.27
ASSET-0215,6.042,52.41,10961.4,49.66,14.28,18.65
ASSET-0216,1.483,87.47,15232.4,31.85,29.8,16.23
ASSET-0217,1.428,99.22,9503.9,71.65,36.47,23.38
ASSET-0218,7.457,42.82,10034.0,69.38,7.29,23.3
ASSET-0219,3.482,71.47,12432.4,74.13,39.01,17.48
ASSET-0220,2.757,102.47,18566.6,72.65,39.43,6.76
ASSET-0221,4.164,92.47,9887.1,77.58,18.69,18.48
ASSET-0222,5.471,109.43,10620.3,33.7,31.36,5.61
ASSET-0223,7.667,77.2,12079.7,75.91,21.1,7.07
ASSET-0224,2.648,86.2,14776.6,54.27,11.17,20.3
ASSET-0225,7.436,61.17,1529.8,45.35,26.15,19.25
ASSET-0226,0.686,106.33,10362.2,53.62,8.45,25.33
ASSET-0227,4.664,65.64,9683.7,40.56,40.14,11.96
ASSET-0228,5.255,91.7,18441.5,37.31,41.97,0.5
ASSET-0229,1.294,68.22,9920.8,34.48,37.86,23.68
ASSET-0230,1.553,79.33,9419.6,24.95,27.5,19.59
ASSET-0231,3.643,90.38,19247.8,49.79,27.3,6.18
ASSET-0232,7.747,75.63,9066.5,73.27,44.38,6.05
ASSET-0233,4.97,103.5,3699.6,57.81,14.92,30.4
ASSET-0234,7.498,69.35,4416.6,51.26,8.04,20.42
ASSET-0235,6.533,85.3,1994.2,45.72,27.48,16.19
ASSET-0236,4.005,63.97,111.3,47.86,18.15,37.53
ASSET-0237,6.386,68.57,8695.7,32.56,17.89,8.4
ASSET-0238,0.634,70.8,15407.9,69.38,5.28,31.86
ASSET-0239,1.319,48.81,14696.0,31.9,28.85,27.72
ASSET-0240,6.721,46.42,739.8,63.0,15.56,30.32
ASSET-0241,6.476,86.72,11442.7,65.6,12.51,8.11
ASSET-0242,2.245,85.89,3170.2,54.49,6.62,34.88
ASSET-0243,4.481,86.4,18827.4,71.78,19.57,12.82
ASSET-0244,5.045,41.38,3430.6,37.46,40.16,24.61
ASSET-0245,7.008,62.86,12570.1,72.9,18.47,11.2
ASSET-0246,5.023,53.85,6592.1,63.76,32.16,21.93
ASSET-0247,3.594,94.47,12867.1,67.92,35.26,11.83
ASSET-0248,3.306,100.24,8303.9,59.87,18.12,22.56
ASSET-0249,3.694,57.27,15216.9,70.78,37.87,19.91
ASSET-0250,5.389,86.75,4690.5,79.59,32.68,23.71
ASSET-0251,7.006,49.06,18125.3,45.21,27.37,3.88
ASSET-0252,3.904,59.26,10054.2,68.83,5.04,26.31
ASSET-0253,2.359,49.71,15146.3,64.67,6.4,25.91
ASSET-0254,2.275,59.85,17009.6,47.17,44.63,14.59
ASSET-0255,6.095,87.23,19976.7,75.62,36.29,0.5
ASSET-0256,6.624,103.72,4556.5,43.67,42.5,5.82
ASSET-0257,1.29,54.18,5809.2,53.93,41.09,33.53
ASSET-0258,0.999,77.95,5083.6,26.36,5.82,32.13
ASSET-0259,4.958,89.1,5331.1,33.55,36.67,10.8
ASSET-0260,1.596,106.7,11690.7,70.44,23.05,22.03
ASSET-0261,6.685,82.7,19871.1,43.79,36.58,0.5
ASSET-0262,2.828,57.86,19806.5,43.65,5.27,20.45
ASSET-0263,1.579,83.78,10582.8,34.76,16.53,25.57
ASSET-0264,7.407,62.43,12816.6,49.5,35.05,4.32
ASSET-0265,1.741,108.33,17213.4,68.35,36.72,9.28
ASSET-0266,2.635,67.98,18665.4,73.71,29.79,13.66
ASSET-0267,1.652,87.98,4156.8,24.21,17.05,27.78
ASSET-0268,1.366,41.63,10618.0,54.49,17.41,36.04
ASSET-0269,0.659,68.0,16673.5,48.04,43.67,18.57
ASSET-0270,0.915,101.26,6133.7,56.86,22.57,24.92
ASSET-0271,1.81,82.72,8852.2,46.84,22.89,23.84
ASSET-0272,0.9,71.08,19713.9,43.92,27.09,19.29
ASSET-0273,4.934,105.52,19702.4,48.31,21.38,0.5
ASSET-0274,5.605,99.78,18131.5,54.92,27.11,0.5
ASSET-0275,3.452,62.56,15989.1,50.06,22.29,22.13
ASSET-0276,2.885,78.12,5455.7,48.33,38.07,23.62
ASSET-0277,4.284,74.29,6484.9,69.07,41.36,21.92
ASSET-0278,7.063,84.25,10990.9,64.74,42.28,4.98
ASSET-0279,6.883,63.39,11259.5,40.48,27.57,7.11
ASSET-0280,0.826,57.09,10159.5,68.03,22.69,33.4
ASSET-0281,1.861,103.89,12769.7,71.22,33.21,23.51
ASSET-0282,2.276,104.67,8225.6,29.21,38.53,17.06
ASSET-0283,2.37,99.03,15008.6,54.96,27.52,15.8
ASSET-0284,4.784,108.47,6737.6,37.12,33.0,11.64
ASSET-0285,3.622,92.15,6680.5,64.35,34.99,18.0
ASSET-0286,0.869,93.53,2631.8,34.33,32.06,33.35
ASSET-0287,3.302,93.38,3855.4,60.28,34.85,22.02
ASSET-0288,4.428,73.64,17025.4,35.31,13.35,10.61
ASSET-0289,1.263,71.95,8981.0,50.67,24.93,25.3
ASSET-0290,6.751,56.82,4634.6,76.92,28.53,17.71
ASSET-0291,0.89,85.14,15210.9,42.88,5.1,25.33
ASSET-0292,7.436,60.25,11124.2,72.54,39.24,6.86
ASSET-0293,1.243,58.05,521.0,79.22,29.4,40.31
ASSET-0294,6.827,81.02,6395.6,72.49,10.17,21.38
ASSET-0295,7.27,68.7,3622.3,29.95,37.65,16.2
ASSET-0296,7.847,55.32,13151.9,69.18,33.68,10.38
ASSET-0297,6.515,97.12,5573.1,21.93,35.33,4.59
ASSET-0298,6.346,100.24,1392.4,43.6,20.68,17.17
ASSET-0299,5.319,51.74,1193.2,72.24,39.17,31.3
ASSET-0300,6.342,40.53,11676.4,61.33,21.56,20.81
ASSET-0301,1.509,63.53,532.3,51.96,27.82,38.88
ASSET-0302,4.521,95.83,16991.0,43.27,5.03,9.02
ASSET-0303,4.357,98.74,3192.4,68.74,30.79,23.62
ASSET-0304,6.932,49.68,12170.7,62.57,33.73,12.41
ASSET-0305,3.971,94.2,8949.3,48.1,27.68,15.36
ASSET-0306,3.388,48.1,8912.7,73.55,24.86,30.12
ASSET-0307,5.297,67.3,1528.8,33.8,37.4,24.07
ASSET-0308,2.498,109.9,16074.8,30.22,32.25,8.23
ASSET-0309,1.548,53.48,17871.7,58.57,16.12,25.72
ASSET-0310,4.084,50.78,319.2,78.32,43.36,38.41
ASSET-0311,3.627,69.6,3654.2,34.84,33.29,23.22
ASSET-0312,2.244,83.38,18087.7,34.98,44.52,10.08
ASSET-0313,3.256,105.3,11034.9,28.37,43.85,7.83
ASSET-0314,3.248,108.66,3085.8,71.63,41.76,30.63
ASSET-0315,2.956,44.87,4135.5,33.58,35.21,26.55
ASSET-0316,3.346,49.66,13233.7,50.19,29.38,18.73
ASSET-0317,5.643,95.35,14523.9,79.45,11.89,13.14
ASSET-0318,2.727,58.94,12028.6,20.73,26.73,19.45
ASSET-0319,7.616,101.94,19067.7,53.39,35.62,0.5
ASSET-0320,7.373,86.44,9931.9,50.74,25.83,4.21
ASSET-0321,4.107,47.83,6075.4,68.45,39.73,29.36
ASSET-0322,2.963,98.28,9596.9,41.32,9.39,23.87
ASSET-0323,4.516,52.34,7257.4,44.62,20.24,26.61
ASSET-0324,6.864,69.64,4565.9,30.08,25.24,11.62
ASSET-0325,5.394,78.65,1014.7,64.45,22.29,30.78
ASSET-0326,6.533,75.05,7109.0,67.08,9.34,23.65
ASSET-0327,4.495,88.03,14257.0,28.2,11.14,11.4
ASSET-0328,5.247,85.69,466.9,43.61,38.5,20.45
ASSET-0329,2.661,109.44,8839.7,73.57,24.38,22.48
ASSET-0330,6.012,109.96,12915.8,20.16,6.95,2.36
ASSET-0331,2.018,76.15,12247.0,37.93,5.66,26.81
ASSET-0332,5.711,46.66,15555.3,53.3,23.94,12.55
ASSET-0333,6.955,90.95,16229.3,40.05,11.58,0.5
ASSET-0334,1.491,108.37,14262.9,36.32,33.21,8.93
ASSET-0335,5.108,62.28,2145.7,47.6,36.81,21.73
ASSET-0336,1.213,72.28,9552.9,30.89,14.13,29.1
ASSET-0337,5.943,69.73,12107.8,51.78,28.69,10.23
ASSET-0338,1.134,43.6,4986.8,62.4,11.18,45.44
ASSET-0339,7.52,87.06,946.8,54.52,17.14,20.07
ASSET-0340,1.531,64.73,4549.4,25.59,40.55,25.92
ASSET-0341,7.692,95.12,9152.4,70.66,26.76,10.65
ASSET-0342,6.507,98.25,8337.2,30.5,40.44,1.09
ASSET-0343,4.953,97.49,3615.7,65.89,14.01,23.36
ASSET-0344,6.37,69.17,16505.9,41.63,18.2,6.06
ASSET-0345,6.463,62.51,18521.2,66.97,23.84,1.13
ASSET-0346,7.595,92.42,4106.8,32.38,24.2,6.76
ASSET-0347,2.4,96.1,18598.5,31.2,44.91,4.41
ASSET-0348,4.926,74.39,455.4,49.82,9.58,26.84
ASSET-0349,1.213,102.51,18506.8,21.98,39.08,7.58
ASSET-0350,5.121,50.07,19043.4,33.52,39.55,6.47
ASSET-0351,1.785,101.53,339.8,63.44,27.13,33.22
ASSET-0352,4.737,46.73,15284.1,70.24,18.76,20.47
ASSET-0353,4.793,50.75,19407.0,24.85,25.77,8.12
ASSET-0354,3.995,77.37,18127.5,72.92,16.7,12.93
ASSET-0355,4.42,44.73,19417.1,67.85,36.96,13.41
ASSET-0356,6.229,43.7,11051.4,72.18,24.93,17.66
ASSET-0357,6.494,40.04,1655.3,61.91,42.03,23.41
ASSET-0358,4.191,70.54,17010.8,60.45,29.91,8.87
ASSET-0359,4.997,94.22,12315.2,51.51,25.57,10.26
ASSET-0360,7.484,42.44,12333.3,59.17,33.44,12.82
ASSET-0361,1.398,85.66,8403.3,75.15,25.16,30.35
ASSET-0362,1.378,97.62,11479.7,26.03,41.18,10.47
ASSET-0363,1.158,51.76,3156.2,38.95,12.38,39.03
ASSET-0364,5.434,50.28,14821.4,24.35,43.93,5.23
ASSET-0365,3.64,100.26,1592.8,76.69,37.49,30.94
ASSET-0366,6.307,97.62,14622.6,46.72,39.43,0.5
ASSET-0367,5.534,77.73,16994.7,60.52,24.32,5.74
ASSET-0368,3.002,97.34,9502.1,70.47,38.49,20.13
ASSET-0369,7.238,46.49,10245.6,79.46,17.27,18.98
ASSET-0370,6.219,67.61,6313.1,29.71,35.48,10.79
ASSET-0371,2.529,91.65,19392.2,67.97,10.62,13.09
ASSET-0372,3.231,58.02,14689.2,73.25,17.28,27.58
ASSET-0373,2.858,92.66,7442.9,22.93,22.83,12.43
ASSET-0374,1.682,75.29,3578.7,65.25,17.89,39.88
ASSET-0375,1.608,92.52,4469.6,41.28,20.48,28.55
ASSET-0376,7.521,72.53,9332.1,58.92,37.8,5.84
ASSET-0377,3.784,65.75,18857.1,50.84,15.27,17.27
ASSET-0378,3.375,55.34,14709.5,35.58,34.81,12.24
ASSET-0379,5.973,54.59,4383.4,28.11,7.95,22.13
ASSET-0380,4.647,92.6,17205.3,27.02,35.63,0.5
ASSET-0381,7.521,48.32,7626.2,26.2,36.68,9.68
ASSET-0382,6.352,46.02,17049.3,58.27,21.07,9.1
ASSET-0383,4.095,52.34,4909.8,41.08,33.9,21.14
ASSET-0384,3.323,52.27,12411.3,33.0,41.61,13.25
ASSET-0385,7.9,97.62,18540.7,61.51,37.03,0.5
ASSET-0386,5.883,67.9,5232.1,61.21,20.62,22.69
ASSET-0387,7.634,109.33,13889.2,52.35,24.37,0.5
ASSET-0388,1.389,49.6,19747.5,76.1,36.17,20.45
ASSET-0389,6.879,85.75,3096.9,43.12,16.7,15.28
ASSET-0390,5.278,71.41,1859.2,70.15,37.16,29.25
ASSET-0391,1.414,67.5,13516.5,24.51,18.12,21.58
ASSET-0392,4.912,101.26,6860.7,64.39,37.24,12.86
ASSET-0393,5.646,108.29,1517.8,79.31,8.47,28.94
ASSET-0394,0.592,101.1,9558.6,70.8,6.78,31.36
ASSET-0395,3.907,53.46,15100.0,54.78,44.91,11.06
ASSET-0396,6.69,55.46,5773.9,57.61,39.78,16.2
ASSET-0397,2.715,85.93,6767.4,41.2,40.31,19.63
ASSET-0398,3.939,60.24,16929.4,60.77,43.05,11.04
ASSET-0399,3.817,91.43,10449.4,66.22,22.53,24.12
ASSET-0400,2.764,79.65,16870.4,79.89,16.47,21.08
ASSET-0401,7.388,78.56,8983.2,49.55,10.2,6.17
ASSET-0402,6.36,98.0,19064.2,23.68,25.05,0.5
ASSET-0403,1.329,89.74,13050.8,55.75,13.8,24.74
ASSET-0404,7.978,41.86,2406.4,27.14,42.42,13.42
ASSET-0405,7.094,43.46,17713.4,34.69,5.16,8.55
ASSET-0406,2.629,82.11,9836.4,39.73,10.73,24.01
ASSET-0407,6.777,74.03,2918.6,63.86,14.86,23.02
ASSET-0408,1.298,58.21,3138.5,31.03,12.96,40.35
ASSET-0409,7.993,69.31,13781.9,29.95,14.03,0.84
ASSET-0410,5.493,93.05,1042.7,22.7,31.24,13.45
ASSET-0411,5.376,97.86,5803.2,72.39,18.1,27.91
ASSET-0412,1.178,79.29,2881.8,61.61,29.6,34.35
ASSET-0413,7.228,66.98,8877.4,22.4,40.61,3.42
ASSET-0414,0.717,58.95,8345.6,21.7,29.1,25.12
ASSET-0415,2.306,76.53,10485.3,53.52,32.78,22.19
ASSET-0416,1.573,62.03,5664.8,36.95,19.62,31.11
ASSET-0417,6.326,79.49,737.7,55.8,11.39,24.78
ASSET-0418,1.987,87.37,12326.3,46.08,17.82,23.99
ASSET-0419,7.33,44.63,7537.0,75.4,43.57,16.86
ASSET-0420,5.422,40.07,13061.6,37.27,29.87,15.11
ASSET-0421,0.771,54.86,2262.5,60.75,16.1,41.4
ASSET-0422,0.541,102.62,374.2,23.24,23.04,37.47
ASSET-0423,0.887,85.24,5041.1,77.35,38.42,30.59
ASSET-0424,5.044,52.04,9185.3,78.85,31.74,26.98
ASSET-0425,6.511,102.32,7942.0,64.34,27.43,12.37
ASSET-0426,2.289,72.9,16225.0,47.91,40.41,14.41
ASSET-0427,6.871,73.33,7619.0,33.2,31.9,6.34
ASSET-0428,0.929,105.49,10655.8,68.75,30.71,24.07
ASSET-0429,6.507,44.16,11911.0,64.18,12.59,18.04
ASSET-0430,7.458,55.06,534.4,33.32,9.26,24.14
ASSET-0431,6.291,81.0,10351.2,47.07,43.61,4.2
ASSET-0432,5.736,53.68,6962.1,47.77,28.95,14.26
ASSET-0433,6.785,87.57,8483.5,69.58,21.63,15.98
ASSET-0434,0.801,54.99,2095.7,61.03,28.56,42.64
ASSET-0435,2.013,46.94,15678.1,58.59,7.47,27.8
ASSET-0436,1.437,54.49,18853.8,58.99,37.89,16.75
ASSET-0437,4.284,69.59,543.1,36.23,13.67,31.83
ASSET-0438,6.089,52.33,12067.3,42.3,37.18,7.23
ASSET-0439,5.225,49.43,15300.5,22.74,26.38,3.0
ASSET-0440,6.883,100.22,5767.7,67.22,16.06,15.9
ASSET-0441,1.664,62.43,15772.4,45.98,6.21,26.95
ASSET-0442,6.01,65.25,12683.9,46.29,37.63,6.64
ASSET-0443,1.948,43.87,18590.3,34.72,12.06,18.69
ASSET-0444,2.531,65.02,19622.0,32.57,7.07,15.79
ASSET-0445,5.824,58.54,942.7,55.27,35.24,21.31
ASSET-0446,7.852,82.73,8954.3,33.95,19.0,2.81
ASSET-0447,5.087,54.38,10985.1,23.85,20.57,13.11
ASSET-0448,0.909,102.19,3020.2,66.05,14.88,39.17
ASSET-0449,5.122,105.08,6792.1,42.59,39.37,7.98
ASSET-0450,0.818,46.99,19754.2,42.81,16.89,22.1
ASSET-0451,7.131,47.52,423.0,45.88,13.41,32.34
ASSET-0452,5.822,48.07,9104.9,68.9,17.37,24.47
ASSET-0453,1.798,83.37,16868.8,39.25,13.13,18.25
ASSET-0454,1.188,48.54,6545.6,65.48,17.71,39.88
ASSET-0455,1.876,99.67,9648.0,76.37,8.32,28.16
ASSET-0456,7.85,92.8,19563.1,59.65,11.34,0.5
ASSET-0457,3.939,97.39,9550.0,45.9,21.68,18.09
ASSET-0458,6.381,76.82,2705.3,64.87,40.18,19.11
ASSET-0459,5.273,109.77,1129.3,47.47,7.29,22.66
ASSET-0460,4.793,43.09,18913.8,44.87,13.51,13.02
ASSET-0461,1.588,68.09,5389.6,51.52,41.33,31.23
ASSET-0462,7.595,62.68,10130.9,39.06,40.6,0.5
ASSET-0463,2.76,106.41,1905.0,26.26,32.18,19.95
ASSET-0464,4.835,80.38,8530.7,44.89,14.62,15.86
ASSET-0465,5.748,96.43,18609.1,27.43,21.79,0.81
ASSET-0466,5.369,51.92,10098.0,44.63,13.45,22.68
ASSET-0467,7.554,108.5,19425.6,53.42,10.14,0.5
ASSET-0468,1.613,74.9,5250.8,75.84,20.2,33.4
ASSET-0469,4.313,74.56,10140.5,22.17,28.03,12.4
ASSET-0470,3.53,107.96,17204.7,57.29,19.4,6.99
ASSET-0471,4.056,66.65,9020.2,47.46,29.43,16.45
ASSET-0472,1.394,67.83,5661.8,21.22,16.85,36.17
ASSET-0473,1.506,80.93,17124.0,34.97,18.83,17.18
ASSET-0474,2.586,48.96,7858.8,27.11,36.63,25.38
ASSET-0475,2.785,62.48,10661.4,33.01,40.13,16.04
ASSET-0476,3.709,53.52,19532.9,36.47,17.88,13.66
ASSET-0477,5.082,47.23,3811.0,44.08,27.86,25.16
ASSET-0478,5.26,100.63,6097.9,51.74,16.13,16.56
ASSET-0479,3.589,81.25,718.3,20.06,7.13,31.58
ASSET-0480,3.566,65.11,7897.6,29.71,34.51,14.95
ASSET-0481,2.132,68.61,4083.7,25.61,11.84,36.6
ASSET-0482,4.912,70.21,13632.7,52.98,22.03,13.98
ASSET-0483,2.878,84.32,3708.3,39.74,24.48,30.01
ASSET-0484,0.77,104.87,13528.8,52.9,12.38,20.38
ASSET-0485,3.638,105.29,5343.2,33.31,8.78,19.29
ASSET-0486,4.056,67.4,7168.8,21.45,18.92,17.67
ASSET-0487,2.192,63.05,7042.3,76.48,43.09,30.31
ASSET-0488,4.793,71.57,14363.4,26.5,29.61,7.08
ASSET-0489,4.743,79.76,9383.5,27.61,20.26,12.92
ASSET-0490,5.765,72.33,7289.8,28.79,6.56,15.73
ASSET-0491,5.36,86.11,17067.2,78.88,29.01,4.08
ASSET-0492,5.393,78.81,11481.8,57.06,8.69,16.84
ASSET-0493,2.872,62.45,4355.2,56.62,26.7,30.8
ASSET-0494,6.406,64.2,18011.8,79.2,35.08,3.53
ASSET-0495,4.619,66.5,6918.7,25.31,21.94,22.93
ASSET-0496,3.736,46.62,875.7,78.47,16.98,41.72
ASSET-0497,5.195,51.62,9942.5,32.24,6.9,24.24
ASSET-0498,3.205,90.62,2566.4,57.38,5.99,31.93
ASSET-0499,4.346,67.24,4845.5,45.21,22.2,25.82
ASSET-0500,6.025,55.02,14967.5,43.04,40.33,4.89
ASSET-0501,7.148,79.39,2702.0,75.87,14.76,18.84
ASSET-0502,7.408,92.89,16158.2,28.95,27.96,0.5
ASSET-0503,4.277,58.02,18744.5,79.82,32.37,12.72
ASSET-0504,4.402,97.88,12170.0,42.75,7.43,15.91
ASSET-0505,6.499,104.93,14236.1,58.93,11.12,3.21
ASSET-0506,2.858,81.82,14300.4,78.07,18.25,21.5
ASSET-0507,6.78,86.83,19856.9,23.46,31.8,0.5
ASSET-0508,4.206,43.68,6896.6,75.37,22.56,34.96
ASSET-0509,1.369,106.19,3340.8,54.07,34.37,28.59
ASSET-0510,1.04,67.47,10431.4,62.26,39.7,28.14
ASSET-0511,6.815,104.67,10711.7,28.95,35.33,1.2
ASSET-0512,0.917,80.53,3640.5,52.0,44.69,33.52
ASSET-0513,2.605,40.32,12300.9,60.41,35.17,27.63
ASSET-0514,3.006,42.7,381.1,47.37,39.09,31.82
ASSET-0515,1.797,87.63,18560.6,29.3,38.29,5.08
ASSET-0516,2.854,79.39,5365.0,34.65,34.21,20.07
ASSET-0517,6.07,41.86,887.2,71.26,37.07,31.02
ASSET-0518,0.61,92.04,2254.2,22.07,42.39,27.72
ASSET-0519,6.704,99.65,4881.0,62.53,24.01,10.46
ASSET-0520,6.924,74.75,5550.7,79.96,30.53,17.42
ASSET-0521,3.292,72.6,752.9,20.45,25.6,24.23
ASSET-0522,1.652,40.38,5659.2,29.66,39.04,31.01
ASSET-0523,5.006,95.07,3939.5,60.45,22.25,17.31
ASSET-0524,1.398,63.15,7634.6,23.6,37.79,26.21
ASSET-0525,3.237,101.51,7764.8,55.39,36.97,17.86
ASSET-0526,7.688,66.11,6846.3,61.04,43.48,14.14
ASSET-0527,7.966,79.56,6625.7,55.29,14.96,14.71
ASSET-0528,6.291,58.92,1885.7,41.91,33.38,19.68
ASSET-0529,2.832,51.24,601.6,61.84,35.28,39.29
ASSET-0530,5.657,94.24,4122.1,55.66,42.45,10.03
ASSET-0531,5.791,74.76,15157.3,32.46,41.28,0.5
ASSET-0532,3.409,77.55,19817.1,53.79,27.94,9.07
ASSET-0533,5.307,107.58,18577.7,72.91,28.17,0.5
ASSET-0534,0.58,107.45,10134.0,60.01,11.69,28.43
ASSET-0535,2.068,99.89,10683.3,48.31,44.0,12.08
ASSET-0536,4.438,53.13,6360.2,39.3,15.2,26.75
ASSET-0537,1.728,81.6,15501.4,25.15,33.99,9.56
ASSET-0538,1.744,101.47,15318.7,34.68,36.83,10.63
ASSET-0539,6.772,66.21,16901.0,20.67,22.65,0.5
ASSET-0540,7.918,47.08,17920.5,79.2,13.45,12.5
ASSET-0541,4.67,96.77,8743.6,33.35,12.56,14.83
ASSET-0542,6.793,73.72,15360.8,68.89,39.26,0.96
ASSET-0543,7.927,79.51,16147.3,30.12,25.43,0.5
ASSET-0544,1.562,108.75,6238.3,37.02,8.61,23.78
ASSET-0545,3.862,82.5,18591.9,45.1,33.68,5.64
ASSET-0546,3.444,69.75,1977.4,39.46,15.01,33.49
ASSET-0547,1.1,65.9,19886.0,67.9,40.06,22.9
ASSET-0548,6.165,69.23,15424.8,77.46,17.38,10.82
ASSET-0549,3.753,48.29,1956.1,72.52,13.01,39.71
ASSET-0550,4.02,95.63,13159.0,29.21,8.39,10.78
ASSET-0551,1.63,98.64,780.2,66.6,25.46,36.05
ASSET-0552,1.857,59.91,15426.7,28.88,23.03,20.09
ASSET-0553,7.303,61.27,16004.5,74.8,35.05,4.52
ASSET-0554,0.835,101.2,12088.0,51.07,23.58,24.89
ASSET-0555,2.246,41.68,17151.5,40.18,18.75,20.32
ASSET-0556,2.69,76.43,2047.9,29.42,15.47,33.99
ASSET-0557,4.176,72.46,5590.9,20.71,16.13,23.1
ASSET-0558,4.898,88.31,8342.1,34.88,42.11,8.89
ASSET-0559,4.2,51.44,944.9,74.84,11.6,39.51
ASSET-0560,1.131,86.78,9019.5,67.84,44.53,30.85
ASSET-0561,2.328,66.37,5377.7,78.19,18.08,35.12
ASSET-0562,6.827,83.31,7915.4,26.05,8.54,11.98
ASSET-0563,5.282,42.81,8559.5,55.53,14.95,23.64
ASSET-0564,5.369,72.32,17600.3,35.43,7.34,12.43
ASSET-0565,5.527,76.56,5479.8,52.58,36.6,18.71
ASSET-0566,6.222,55.0,17885.5,39.23,25.5,2.34
ASSET-0567,0.936,49.77,8576.8,37.01,18.48,35.77
ASSET-0568,3.25,53.19,6623.4,54.43,31.48,28.82
ASSET-0569,4.546,64.09,10100.0,31.0,30.23,13.4
ASSET-0570,3.038,46.78,8413.1,48.15,42.59,26.03
ASSET-0571,6.834,106.31,5221.7,59.05,43.45,7.5
ASSET-0572,4.119,68.35,10103.3,27.69,32.23,14.83
ASSET-0573,6.265,96.63,3120.9,75.84,37.71,16.46
ASSET-0574,6.89,108.21,7103.4,50.34,36.7,5.2
ASSET-0575,4.286,45.65,11359.2,69.17,24.65,25.02
ASSET-0576,7.322,85.62,8326.8,59.23,33.18,7.71
ASSET-0577,4.903,101.0,16495.9,62.6,8.13,7.89
ASSET-0578,6.877,84.4,5208.8,62.97,35.32,17.2
ASSET-0579,3.054,70.03,19398.5,72.51,43.47,7.52
ASSET-0580,4.241,70.18,15716.0,56.82,8.4,18.23
ASSET-0581,4.486,42.51,19355.1,36.69,38.44,5.66
ASSET-0582,1.287,77.42,16778.9,25.97,42.32,15.32
ASSET-0583,3.489,109.55,2927.9,56.38,14.05,24.09
ASSET-0584,7.38,107.11,10576.6,23.98,25.99,0.5
ASSET-0585,5.231,42.83,3482.6,34.48,42.11,19.39
ASSET-0586,1.831,89.41,16382.7,23.64,43.41,7.69
ASSET-0587,3.041,61.12,11724.8,52.93,10.12,22.97
ASSET-0588,1.937,103.21,5342.6,29.62,18.96,23.12
ASSET-0589,0.686,43.16,18599.0,56.62,32.93,18.4
ASSET-0590,7.456,105.51,2392.2,67.45,13.86,17.33
ASSET-0591,3.862,98.62,11320.9,69.31,17.99,16.75
ASSET-0592,2.807,48.23,14448.7,38.57,5.93,21.38
ASSET-0593,4.989,44.19,1271.1,52.94,11.14,38.23
ASSET-0594,0.555,98.43,11997.3,53.78,27.49,19.83
ASSET-0595,2.585,50.9,16336.4,48.37,31.12,20.23
ASSET-0596,5.773,77.44,1443.8,59.31,30.96,21.06
ASSET-0597,5.253,104.1,10293.6,32.61,36.13,7.76
ASSET-0598,7.864,79.72,5245.3,78.75,21.61,18.28
ASSET-0599,5.153,67.81,13292.2,25.88,15.94,8.53
ASSET-0600,4.081,71.15,2461.7,69.75,5.62,33.74
ASSET-0601,6.211,44.42,18747.3,55.65,13.27,11.98
ASSET-0602,7.275,107.81,17905.1,34.69,17.5,0.5
ASSET-0603,5.905,61.75,3800.9,64.74,12.13,27.48
ASSET-0604,7.724,53.26,6533.0,25.07,5.81,19.15
ASSET-0605,6.365,60.02,11793.9,66.47,11.3,15.75
ASSET-0606,7.001,107.51,14389.4,55.4,31.64,0.5
ASSET-0607,1.356,46.6,8908.9,26.65,30.18,31.22
ASSET-0608,5.993,100.71,3210.2,24.77,42.43,9.77
ASSET-0609,3.801,89.55,2172.6,65.05,36.93,25.04
ASSET-0610,4.648,98.1,19995.3,37.58,27.71,0.5
ASSET-0611,5.406,108.31,9161.5,73.36,10.5,12.04
ASSET-0612,7.774,98.95,17463.4,65.72,27.56,0.5
ASSET-0613,7.884,106.04,9699.3,61.89,7.46,8.06
ASSET-0614,2.662,48.89,18454.9,36.72,22.24,15.94
ASSET-0615,6.003,95.71,1846.4,62.54,20.61,21.56
ASSET-0616,6.125,78.2,2369.0,76.89,22.11,27.89
ASSET-0617,3.099,78.04,18599.7,25.49,16.19,6.32
ASSET-0618,1.429,102.92,18955.1,39.57,32.43,7.19
ASSET-0619,0.807,108.03,6362.9,34.08,38.64,22.06
ASSET-0620,6.33,89.34,7167.8,43.6,35.74,6.71
ASSET-0621,4.173,73.81,9103.8,64.54,30.11,23.97
ASSET-0622,7.892,71.95,8381.6,48.45,26.53,10.44
ASSET-0623,3.987,67.04,3881.9,54.24,6.24,33.62
ASSET-0624,7.834,65.31,17977.7,38.85,33.92,0.5
ASSET-0625,3.587,67.41,5140.8,28.48,26.8,19.84
ASSET-0626,6.453,46.28,14134.9,36.02,15.83,11.28
ASSET-0627,1.136,45.42,1436.4,71.58,18.11,49.39
ASSET-0628,4.666,94.59,871.2,56.15,42.42,18.33
ASSET-0629,6.515,71.23,13109.2,42.68,29.97,6.06
ASSET-0630,7.435,105.15,6846.4,67.39,24.04,6.2
ASSET-0631,6.669,82.86,13143.6,23.87,29.84,1.62
ASSET-0632,0.777,42.46,1971.0,35.23,21.55,45.85
ASSET-0633,3.295,51.03,19002.0,33.81,23.81,13.07
ASSET-0634,0.865,54.41,14995.4,79.12,16.61,28.33
ASSET-0635,1.32,108.3,17537.7,62.37,22.59,12.33
ASSET-0636,5.565,55.31,2815.8,57.07,32.42,26.52
ASSET-0637,5.849,76.1,6471.2,20.3,6.6,17.07
ASSET-0638,6.303,105.53,7430.0,31.06,36.8,0.5
ASSET-0639,6.991,108.4,10789.7,58.13,16.32,8.72
ASSET-0640,6.046,56.55,6007.7,42.78,32.3,17.75
ASSET-0641,6.507,43.44,1306.6,75.46,30.71,27.19
ASSET-0642,0.867,50.75,7440.7,65.88,31.11,39.55
ASSET-0643,2.259,44.43,5165.5,46.84,29.33,32.38
ASSET-0644,5.164,53.66,7779.8,64.97,43.36,17.46
ASSET-0645,6.936,79.8,4019.5,78.52,25.33,20.76
ASSET-0646,0.534,103.87,5311.7,47.66,34.29,32.05
ASSET-0647,4.36,77.61,12576.4,58.55,33.22,17.33
ASSET-0648,5.58,83.82,7824.3,75.12,14.45,22.02
ASSET-0649,0.722,54.13,6973.1,34.92,16.33,37.69
ASSET-0650,3.51,96.04,10724.7,73.19,21.96,21.88
ASSET-0651,7.217,83.25,15460.0,25.85,16.11,0.5
ASSET-0652,5.537,100.49,7639.5,58.91,19.67,16.35
ASSET-0653,2.282,106.42,11791.6,66.97,20.64,18.24
ASSET-0654,6.896,64.35,19327.4,56.88,29.15,1.0
ASSET-0655,3.11,46.34,10487.4,49.73,13.8,28.36
ASSET-0656,6.9,55.82,18205.0,57.04,37.17,2.34
ASSET-0657,2.742,70.65,15894.1,29.1,22.5,14.27
ASSET-0658,4.927,106.2,1268.5,32.93,33.25,8.34
ASSET-0659,3.477,66.48,8639.1,36.19,8.26,26.15
ASSET-0660,2.561,93.95,13996.5,55.87,23.8,17.93
ASSET-0661,7.149,77.83,19735.6,46.51,6.13,1.79
ASSET-0662,1.907,52.8,9221.7,34.67,32.04,26.06
ASSET-0663,1.136,62.45,1946.4,72.97,18.75,48.95
ASSET-0664,3.064,85.72,11284.0,42.44,42.97,13.42
ASSET-0665,5.882,87.1,2618.6,46.76,17.96,21.77
ASSET-0666,6.556,70.43,15055.2,44.58,27.55,6.49
ASSET-0667,7.991,56.01,10202.8,30.92,15.3,9.63
ASSET-0668,2.723,90.53,14496.3,63.9,29.8,13.28
ASSET-0669,3.56,51.82,17400.3,46.91,23.68,9.22
ASSET-0670,1.526,105.57,12616.1,20.98,19.83,13.77
ASSET-0671,4.812,53.15,12287.5,77.84,13.15,26.38
ASSET-0672,7.982,47.51,15115.9,68.95,9.46,10.66
ASSET-0673,5.757,74.84,16864.9,63.41,9.8,12.74
ASSET-0674,4.964,76.37,17394.2,72.15,44.96,5.25
ASSET-0675,3.443,75.57,825.0,74.41,21.49,39.2
ASSET-0676,7.365,70.57,11168.2,40.25,5.08,10.16
ASSET-0677,4.227,109.64,4403.8,56.66,43.12,16.14
ASSET-0678,1.508,74.04,17220.9,56.53,5.8,25.28
ASSET-0679,3.24,73.46,13003.1,36.04,21.74,20.33
ASSET-0680,1.004,69.52,8462.4,33.32,33.7,22.23
ASSET-0681,2.015,44.68,3843.3,26.83,41.58,29.18
ASSET-0682,0.633,81.51,6846.6,59.56,33.52,33.57
ASSET-0683,3.9,55.96,14105.2,66.86,23.55,24.33
ASSET-0684,5.259,84.63,4166.8,65.66,43.98,18.19
ASSET-0685,3.075,43.56,1962.3,38.98,6.57,39.24
ASSET-0686,3.653,108.7,17771.8,32.32,44.48,0.5
ASSET-0687,7.694,72.83,15307.8,47.22,38.98,0.5
ASSET-0688,6.14,102.77,4075.9,52.81,42.16,9.25
ASSET-0689,4.556,73.29,5917.0,75.15,15.19,29.23
ASSET-0690,2.634,44.22,19444.2,72.49,10.7,27.23
ASSET-0691,7.227,97.55,14192.9,74.96,31.53,6.17
ASSET-0692,2.263,85.37,12249.4,71.02,25.63,24.59
ASSET-0693,2.94,94.72,6221.8,77.87,25.93,27.19
ASSET-0694,7.318,69.97,6052.6,47.93,41.98,9.08
ASSET-0695,4.472,84.66,886.5,22.85,29.8,22.56
ASSET-0696,6.067,99.94,14596.8,25.01,17.44,0.5
ASSET-0697,4.931,84.17,959.2,43.42,21.0,25.46
ASSET-0698,5.401,64.34,196.7,35.46,10.34,26.79
ASSET-0699,2.745,86.38,14617.0,30.2,12.69,18.53
ASSET-0700,2.31,87.03,18982.6,77.19,10.73,16.01
ASSET-0701,2.919,107.24,15154.4,31.73,37.41,3.3
ASSET-0702,1.666,65.96,9485.6,77.56,33.19,30.79
ASSET-0703,7.057,69.76,9772.3,65.65,26.21,17.21
ASSET-0704,2.624,96.85,8779.1,58.46,19.97,22.15
ASSET-0705,4.711,75.4,6560.4,60.56,31.74,18.76
ASSET-0706,6.44,91.56,10482.1,39.89,37.52,1.36
ASSET-0707,6.379,72.18,8679.9,58.79,40.25,14.88
ASSET-0708,3.788,55.08,12003.5,31.2,26.88,10.29
ASSET-0709,4.072,92.16,17972.6,76.26,37.8,4.1
ASSET-0710,7.96,49.18,19900.7,38.11,25.45,3.78
ASSET-0711,5.559,53.9,1667.0,35.31,23.98,27.09
ASSET-0712,6.61,83.88,7755.2,62.67,39.62,6.98
ASSET-0713,7.269,92.31,3696.1,59.39,20.45,15.18
ASSET-0714,6.407,102.63,7107.2,47.08,20.84,10.32
ASSET-0715,1.889,59.08,5820.7,57.95,17.2,38.64
ASSET-0716,4.716,47.75,3573.3,29.57,25.75,30.42
ASSET-0717,1.264,106.92,15305.1,60.4,26.79,17.48
ASSET-0718,5.397,50.81,9976.1,36.24,31.42,13.64
ASSET-0719,7.665,53.84,18393.0,36.37,22.22,1.38
ASSET-0720,4.345,60.39,748.6,29.73,13.71,29.41
ASSET-0721,3.747,77.06,1432.9,39.94,39.67,21.71
ASSET-0722,0.769,101.8,8125.1,39.88,18.84,22.14
ASSET-0723,7.698,93.24,1697.5,47.25,41.92,5.04
ASSET-0724,1.273,89.57,5328.3,31.43,13.29,28.36
ASSET-0725,0.808,52.26,19722.0,31.58,27.4,15.08
ASSET-0726,2.345,65.04,4258.3,52.5,26.46,33.52
ASSET-0727,0.991,73.49,4042.5,27.73,38.15,26.17
ASSET-0728,3.913,50.32,11515.4,61.33,10.55,19.1
ASSET-0729,4.371,59.14,10010.2,76.64,41.4,17.69
ASSET-0730,2.844,61.58,11650.7,45.61,26.26,20.73
ASSET-0731,0.882,48.91,7597.0,74.07,28.44,37.54
ASSET-0732,1.337,78.52,16552.6,25.9,25.41,18.86
ASSET-0733,3.384,89.35,2857.8,22.58,6.44,25.7
ASSET-0734,0.954,44.9,8625.0,63.28,24.88,39.79
ASSET-0735,5.736,73.68,13826.3,65.66,15.54,13.51
ASSET-0736,2.053,94.75,17377.9,70.58,18.71,17.13
ASSET-0737,2.766,92.36,7454.5,23.41,30.96,15.06
ASSET-0738,3.456,97.06,11398.1,66.61,24.91,17.21
ASSET-0739,3.625,71.38,1475.9,42.59,8.73,31.88
ASSET-0740,0.512,97.44,3489.3,38.2,7.92,36.61
ASSET-0741,1.341,56.85,1475.8,30.38,12.43,40.37
ASSET-0742,6.971,65.26,14584.8,79.76,12.64,10.69
ASSET-0743,0.509,52.34,5832.4,23.82,29.33,36.47
ASSET-0744,4.311,72.72,14502.5,69.62,12.11,19.99
ASSET-0745,4.171,67.44,1421.3,58.37,40.27,26.17
ASSET-0746,2.998,56.86,17264.7,64.1,13.39,21.88
ASSET-0747,3.735,92.62,16727.1,62.7,8.65,14.14
ASSET-0748,6.354,61.97,1869.7,71.51,40.03,20.62
ASSET-0749,6.809,59.1,572.8,31.03,16.81,23.31
ASSET-0750,2.453,49.16,1220.1,20.05,22.02,33.59
ASSET-0751,2.919,70.72,17087.2,55.91,43.36,8.41
ASSET-0752,2.319,61.21,4770.6,41.23,42.77,23.07
ASSET-0753,4.099,65.85,11010.6,27.43,33.6,12.44
ASSET-0754,5.624,56.52,8582.3,31.17,7.76,21.48
ASSET-0755,2.212,93.42,15931.0,39.9,28.73,9.85
ASSET-0756,2.981,105.1,9829.1,24.21,44.56,14.34
ASSET-0757,7.478,74.86,10063.2,23.41,42.88,1.33
ASSET-0758,0.864,85.01,19782.9,74.96,9.24,26.19
ASSET-0759,3.956,100.7,3087.6,38.73,20.84,23.9
ASSET-0760,5.837,109.92,16631.0,78.93,17.62,9.45
ASSET-0761,1.628,82.95,1129.8,77.86,10.19,41.47
ASSET-0762,0.855,102.28,9605.2,28.55,32.79,12.81
ASSET-0763,1.537,103.6,17738.1,62.9,15.95,15.28
ASSET-0764,7.391,95.4,13337.8,56.05,18.79,4.07
ASSET-0765,0.569,72.27,13735.8,61.44,8.61,31.93
ASSET-0766,1.912,45.68,5340.0,25.77,24.92,33.37
ASSET-0767,0.735,41.11,8429.6,31.31,11.33,41.1
ASSET-0768,1.33,73.4,7395.0,24.6,22.28,28.53
ASSET-0769,5.151,74.6,10476.7,56.25,10.73,21.07
ASSET-0770,2.312,68.52,9298.3,79.2,43.15,23.65
ASSET-0771,4.769,79.77,6605.3,60.32,10.8,21.86
ASSET-0772,4.926,78.65,6179.1,62.65,25.88,25.43
ASSET-0773,6.871,98.56,5092.0,79.08,12.88,18.86
ASSET-0774,0.536,47.61,7364.4,60.68,8.05,42.21
ASSET-0775,6.9,55.76,3083.8,22.41,13.09,18.52
ASSET-0776,5.143,95.51,17454.9,72.02,7.19,8.59
ASSET-0777,1.721,99.35,12082.2,41.88,10.58,19.78
ASSET-0778,6.297,109.64,2762.3,20.26,24.74,6.25
ASSET-0779,6.916,101.1,13907.8,50.43,31.07,0.5
ASSET-0780,2.407,102.29,16968.6,76.22,8.49,18.14
ASSET-0781,7.391,62.0,4827.0,35.44,22.64,13.37
ASSET-0782,3.908,68.12,3097.0,49.49,28.25,30.44
ASSET-0783,5.026,58.77,271.5,30.43,14.37,30.52
ASSET-0784,7.885,82.44,1040.3,23.46,19.88,13.69
ASSET-0785,3.212,105.72,15268.8,24.83,7.87,8.07
ASSET-0786,6.599,64.12,19745.0,63.62,13.81,5.24
ASSET-0787,2.888,78.99,993.1,71.84,23.67,36.91
ASSET-0788,6.494,60.74,14986.6,28.6,44.62,1.03
ASSET-0789,5.006,51.89,1530.1,37.3,44.85,22.75
ASSET-0790,2.123,53.66,11883.4,31.7,44.18,21.49
ASSET-0791,3.605,44.06,15145.9,21.61,21.92,15.94
ASSET-0792,2.882,106.45,7248.2,53.21,8.23,26.62
ASSET-0793,1.086,68.2,317.6,62.0,17.94,43.26
ASSET-0794,0.724,98.39,11944.3,58.87,14.51,22.11
ASSET-0795,3.099,87.69,19825.8,43.28,5.57,12.08
ASSET-0796,0.643,53.43,5226.6,53.3,8.81,45.46
ASSET-0797,1.741,52.28,3870.9,25.65,23.13,35.68
ASSET-0798,5.939,96.84,2566.1,29.26,18.59,17.08
ASSET-0799,5.811,58.53,11149.6,75.91,12.21,20.75
