application_id,credit_score,debt_to_income,employment_years,loan_amount,loan_term_months,prior_delinquencies,region,defaulted
LN-00000,546,0.5,16.8,8895.95,60,3,northeast,1
LN-00001,752,0.585,24.0,83546.72,36,4,southeast,1
LN-00002,716,0.605,9.3,114307.07,60,1,southeast,0
LN-00003,651,0.367,10.6,100352.31,48,2,northeast,0
LN-00004,649,0.377,20.3,36877.79,36,5,northeast,1
LN-00005,777,0.536,12.6,11132.38,24,5,midwest,0
LN-00006,545,0.259,18.4,113140.41,48,2,northeast,1
LN-00007,729,0.557,11.5,112762.21,48,1,northeast,1
LN-00008,580,0.362,5.4,66227.76,60,1,southeast,0
LN-00009,548,0.146,18.6,78866.5,48,3,southeast,1
LN-00010,677,0.121,3.3,58199.01,24,3,southeast,1
LN-00011,812,0.56,5.0,53273.02,48,1,west,0
LN-00012,740,0.112,15.7,18736.57,48,0,southeast,0
LN-00013,748,0.24,18.7,16126.58,36,2,midwest,1
LN-00014,735,0.27,22.4,31764.2,36,4,west,0
LN-00015,755,0.179,6.8,101213.69,60,0,northeast,0
LN-00016,673,0.259,2.8,21770.71,48,2,midwest,1
LN-00017,558,0.503,23.9,31070.34,48,0,southeast,0
LN-00018,771,0.088,3.9,68090.62,36,1,midwest,0
LN-00019,655,0.551,4.9,29740.09,36,3,northeast,1
LN-00020,670,0.568,7.3,23768.77,48,1,southeast,0
LN-00021,631,0.292,13.2,69781.37,60,1,northeast,0
LN-00022,574,0.168,22.1,47330.73,48,5,west,1
LN-00023,798,0.422,19.0,77008.32,48,1,midwest,0
LN-00024,754,0.148,17.7,109903.61,24,1,northeast,0
LN-00025,713,0.288,4.4,22364.21,60,5,midwest,1
LN-00026,640,0.626,8.9,110044.87,24,3,west,1
LN-00027,766,0.647,12.0,108786.35,60,0,midwest,1
LN-00028,683,0.52,3.7,100345.07,36,2,southeast,1
LN-00029,653,0.257,6.8,77597.88,60,3,west,0
LN-00030,655,0.472,7.7,76316.87,60,1,northeast,1
LN-00031,588,0.482,3.2,78509.46,60,3,northeast,1
LN-00032,547,0.301,13.8,84406.99,60,3,northeast,1
LN-00033,686,0.445,17.6,6895.45,48,1,west,1
LN-00034,786,0.086,1.7,115180.65,60,4,midwest,0
LN-00035,539,0.199,12.0,72344.43,24,2,midwest,1
LN-00036,777,0.379,19.6,94868.57,24,5,midwest,1
LN-00037,768,0.173,18.7,48387.41,48,0,southeast,0
LN-00038,603,0.175,20.4,6425.68,60,1,northeast,0
LN-00039,709,0.557,11.2,63619.49,60,4,west,1
LN-00040,569,0.644,20.5,63326.86,48,5,west,1
LN-00041,747,0.397,6.0,55253.77,48,1,northeast,1
LN-00042,730,0.558,9.0,44067.46,48,5,northeast,1
LN-00043,626,0.644,4.4,33730.0,60,1,midwest,0
LN-00044,540,0.161,11.7,65667.66,60,2,northeast,1
LN-00045,811,0.335,9.8,48156.99,24,1,midwest,1
LN-00046,653,0.304,6.0,116542.17,48,2,west,1
LN-00047,787,0.126,18.8,24886.64,36,5,southeast,0
LN-00048,723,0.511,7.8,41761.54,60,4,southeast,1
LN-00049,753,0.327,6.8,38805.45,48,4,west,1
LN-00050,747,0.348,3.3,67480.56,60,1,southeast,0
LN-00051,578,0.166,11.0,62417.23,36,5,northeast,1
LN-00052,629,0.183,7.6,79030.15,48,2,northeast,0
LN-00053,660,0.597,9.2,114250.2,24,3,west,1
LN-00054,669,0.105,5.9,37800.42,60,4,west,0
LN-00055,533,0.213,19.1,84668.73,24,3,northeast,1
LN-00056,683,0.246,23.3,7879.62,36,3,west,0
LN-00057,566,0.359,12.4,35174.67,60,2,northeast,1
LN-00058,743,0.414,16.1,58327.77,60,3,northeast,0
LN-00059,724,0.361,21.7,8564.4,36,5,southeast,0
LN-00060,796,0.128,25.0,76031.99,36,2,southeast,0
LN-00061,743,0.219,15.3,83005.72,24,3,west,0
LN-00062,629,0.561,22.2,90874.15,60,1,midwest,1
LN-00063,810,0.443,22.7,64406.07,24,2,northeast,0
LN-00064,643,0.45,19.8,74453.64,24,4,midwest,1
LN-00065,617,0.462,11.5,50547.5,36,3,west,1
LN-00066,791,0.515,2.0,9744.1,24,1,midwest,0
LN-00067,631,0.113,0.4,16494.46,24,3,northeast,1
LN-00068,542,0.289,11.9,80324.53,48,4,northeast,1
LN-00069,660,0.388,12.4,119488.86,48,0,southeast,0
LN-00070,758,0.273,10.2,6817.37,36,0,southeast,0
LN-00071,576,0.561,14.2,69122.1,60,2,southeast,1
LN-00072,658,0.355,13.8,91366.01,48,3,northeast,1
LN-00073,558,0.518,20.9,100079.11,24,1,northeast,1
LN-00074,725,0.566,2.7,67698.56,48,4,midwest,1
LN-00075,662,0.368,5.6,76290.34,48,5,west,1
LN-00076,619,0.598,19.8,85123.37,60,3,midwest,1
LN-00077,588,0.415,21.2,103781.12,24,2,southeast,0
LN-00078,689,0.565,24.9,19063.3,24,0,west,0
LN-00079,720,0.274,21.8,111510.95,36,4,midwest,0
LN-00080,802,0.364,22.2,7992.0,36,5,midwest,1
LN-00081,651,0.383,7.9,101162.97,60,2,midwest,1
LN-00082,568,0.14,10.0,13825.15,48,3,west,1
LN-00083,769,0.307,6.7,27382.24,48,4,midwest,0
LN-00084,708,0.603,15.2,5447.83,48,4,midwest,1
LN-00085,730,0.44,23.5,56204.52,60,0,midwest,0
LN-00086,549,0.181,8.6,43451.31,36,4,west,1
LN-00087,613,0.273,13.9,24089.18,24,5,west,1
LN-00088,750,0.189,7.4,56875.37,24,4,southeast,0
LN-00089,769,0.094,4.2,51272.65,36,2,midwest,0
LN-00090,650,0.609,4.9,93281.02,48,3,northeast,1
LN-00091,761,0.335,1.4,107709.99,36,1,midwest,0
LN-00092,772,0.255,23.7,80045.23,36,3,west,0
LN-00093,636,0.421,10.1,19307.19,36,1,midwest,1
LN-00094,789,0.084,20.9,38969.94,60,2,southeast,0
LN-00095,606,0.238,17.0,110031.6,60,1,midwest,1
LN-00096,591,0.481,4.8,15204.47,24,2,southeast,1
LN-00097,724,0.441,4.4,51788.42,24,2,southeast,0
LN-00098,711,0.64,20.3,113388.03,24,0,northeast,1
LN-00099,561,0.434,6.6,114326.46,60,4,midwest,1
LN-00100,769,0.352,22.8,52288.37,36,2,northeast,0
LN-00101,579,0.514,3.5,81750.64,60,5,southeast,1
LN-00102,761,0.595,16.9,57525.74,48,1,west,1
LN-00103,522,0.491,20.4,91647.96,48,4,west,1
LN-00104,759,0.629,5.9,8631.85,36,1,southeast,0
LN-00105,756,0.526,6.9,21578.07,36,3,west,1
LN-00106,754,0.574,24.1,75632.86,24,2,northeast,0
LN-00107,719,0.145,6.6,31743.51,48,2,west,1
LN-00108,661,0.497,10.7,81596.01,36,3,southeast,1
LN-00109,731,0.331,10.8,45390.64,36,4,west,1
LN-00110,603,0.395,6.3,106964.24,24,1,west,1
LN-00111,754,0.453,19.4,99214.83,60,5,midwest,0
LN-00112,686,0.633,19.3,61676.35,60,1,midwest,1
LN-00113,657,0.641,9.5,93882.94,36,1,midwest,1
LN-00114,671,0.244,20.9,36180.86,48,1,northeast,0
LN-00115,690,0.498,5.3,61839.87,60,5,northeast,1
LN-00116,531,0.507,0.1,27710.44,48,0,southeast,1
LN-00117,561,0.278,14.3,104001.91,48,2,southeast,1
LN-00118,593,0.151,24.9,99652.78,36,2,midwest,0
LN-00119,554,0.103,1.0,108747.21,48,4,southeast,1
LN-00120,651,0.523,5.2,105909.85,48,2,midwest,1
LN-00121,720,0.359,13.0,115353.57,48,5,northeast,1
LN-00122,716,0.642,20.2,31258.67,48,4,northeast,1
LN-00123,661,0.345,2.2,112159.79,48,4,west,1
LN-00124,776,0.637,9.9,70689.52,24,4,west,0
LN-00125,689,0.315,18.7,53586.93,60,0,west,0
LN-00126,543,0.532,9.3,69443.0,60,2,southeast,1
LN-00127,749,0.128,4.7,44399.27,24,3,midwest,0
LN-00128,692,0.397,4.9,38183.6,36,1,midwest,1
LN-00129,710,0.537,10.3,32751.15,60,0,southeast,1
LN-00130,689,0.607,12.0,14479.22,36,0,midwest,0
LN-00131,686,0.549,21.5,62104.96,60,4,midwest,0
LN-00132,547,0.101,16.1,107092.59,60,3,southeast,1
LN-00133,687,0.292,17.3,77467.48,60,1,southeast,0
LN-00134,758,0.108,24.6,64912.2,24,4,southeast,0
LN-00135,611,0.142,10.3,54288.19,36,4,west,1
LN-00136,700,0.465,10.1,58406.19,48,4,west,1
LN-00137,529,0.487,23.1,29066.89,60,5,west,1
LN-00138,624,0.521,6.1,99637.63,24,5,west,1
LN-00139,651,0.573,18.2,27814.04,36,1,southeast,0
LN-00140,814,0.501,18.9,87411.62,24,4,west,1
LN-00141,584,0.536,2.4,92398.28,60,2,northeast,1
LN-00142,602,0.108,11.7,71109.94,60,2,west,0
LN-00143,642,0.214,5.0,104236.53,24,3,southeast,0
LN-00144,817,0.434,4.6,38470.79,24,3,southeast,0
LN-00145,776,0.569,11.6,106385.98,36,2,northeast,0
LN-00146,530,0.083,7.2,88882.2,60,5,northeast,1
LN-00147,590,0.373,19.9,96856.23,36,1,southeast,0
LN-00148,766,0.466,22.7,81426.67,36,0,midwest,0
LN-00149,537,0.097,20.1,102329.45,36,0,northeast,0
LN-00150,776,0.309,6.7,119206.37,48,4,west,1
LN-00151,604,0.591,6.9,53318.73,36,2,northeast,1
LN-00152,795,0.463,6.4,98600.3,24,2,west,0
LN-00153,608,0.215,3.4,90626.67,60,3,southeast,1
LN-00154,650,0.566,23.6,57080.07,36,2,southeast,0
LN-00155,718,0.278,10.1,111599.13,36,3,northeast,1
LN-00156,557,0.566,5.6,50358.98,48,0,west,1
LN-00157,687,0.25,21.2,70028.58,48,0,midwest,0
LN-00158,671,0.416,10.0,17183.37,24,5,northeast,1
LN-00159,755,0.306,0.9,30964.15,24,2,northeast,1
LN-00160,818,0.237,4.0,101680.06,24,1,midwest,1
LN-00161,719,0.585,16.0,50603.56,60,2,west,1
LN-00162,642,0.187,19.6,50319.67,48,2,northeast,0
LN-00163,641,0.128,5.3,33287.82,60,1,northeast,0
LN-00164,645,0.275,22.9,61535.19,48,1,midwest,0
LN-00165,764,0.489,21.3,97668.95,36,4,northeast,1
LN-00166,616,0.54,21.2,107943.87,48,0,southeast,1
LN-00167,570,0.649,5.7,13063.16,48,1,northeast,1
LN-00168,620,0.249,1.3,71104.38,36,2,southeast,1
LN-00169,526,0.313,21.7,58736.44,60,3,midwest,1
LN-00170,551,0.158,7.6,75642.41,60,5,southeast,1
LN-00171,547,0.408,15.5,56436.7,60,5,southeast,1
LN-00172,751,0.649,19.0,50844.15,60,1,southeast,0
LN-00173,736,0.48,3.2,59266.28,36,3,midwest,1
LN-00174,729,0.419,19.5,71929.9,24,0,northeast,0
LN-00175,658,0.304,23.5,62613.07,36,3,northeast,1
LN-00176,735,0.602,18.2,59296.61,48,0,northeast,1
LN-00177,568,0.363,11.0,99051.06,60,0,west,1
LN-00178,790,0.157,21.9,90749.52,36,4,midwest,0
LN-00179,670,0.288,13.2,44258.53,36,1,northeast,0
LN-00180,801,0.118,18.6,97066.37,36,2,southeast,0
LN-00181,565,0.195,20.5,103169.83,60,0,southeast,0
LN-00182,669,0.09,18.7,22651.6,24,4,northeast,1
LN-00183,728,0.338,7.2,72008.48,36,4,west,1
LN-00184,668,0.442,2.9,37810.88,24,3,west,1
LN-00185,653,0.276,6.0,90004.82,60,5,northeast,1
LN-00186,569,0.32,12.6,32460.31,36,2,northeast,0
LN-00187,634,0.627,12.6,82211.41,24,1,southeast,1
LN-00188,591,0.509,14.6,34339.34,36,0,midwest,1
LN-00189,610,0.388,9.9,63781.53,24,1,west,1
LN-00190,725,0.242,19.7,114094.34,36,1,southeast,0
LN-00191,709,0.591,22.8,48850.37,60,1,southeast,0
LN-00192,702,0.214,6.2,105709.93,48,1,northeast,1
LN-00193,628,0.265,18.4,118498.63,60,3,northeast,1
LN-00194,807,0.598,16.9,105607.85,48,0,northeast,0
LN-00195,546,0.382,13.1,24074.59,60,3,southeast,1
LN-00196,622,0.503,4.7,99260.7,36,2,midwest,1
LN-00197,555,0.417,19.9,8697.18,60,4,northeast,0
LN-00198,621,0.452,24.0,50229.72,24,3,northeast,0
LN-00199,808,0.251,18.0,105134.34,36,5,west,0
LN-00200,629,0.218,22.9,84206.5,48,2,west,0
LN-00201,792,0.264,24.6,66265.15,36,1,midwest,0
LN-00202,668,0.169,8.8,49604.36,36,3,midwest,0
LN-00203,729,0.578,16.0,98414.15,24,3,midwest,1
LN-00204,657,0.241,11.8,86599.22,24,2,southeast,1
LN-00205,599,0.4,24.7,58866.61,48,3,northeast,0
LN-00206,749,0.531,2.3,107635.7,60,2,southeast,1
LN-00207,810,0.527,10.3,31444.02,24,1,midwest,0
LN-00208,599,0.33,21.9,24595.02,36,1,midwest,1
LN-00209,753,0.351,7.1,78922.43,60,5,midwest,0
LN-00210,598,0.647,19.7,116779.35,60,4,midwest,1
LN-00211,735,0.465,9.6,33434.51,24,0,northeast,0
LN-00212,756,0.544,24.5,33712.09,48,5,midwest,0
LN-00213,654,0.594,22.1,21042.37,24,4,west,1
LN-00214,741,0.529,7.5,103964.81,24,0,midwest,0
LN-00215,601,0.186,19.3,31035.72,24,4,midwest,1
LN-00216,543,0.4,8.4,62865.53,48,3,northeast,1
LN-00217,548,0.138,15.2,118950.33,24,5,west,0
LN-00218,654,0.452,16.5,6396.2,36,2,southeast,0
LN-00219,790,0.625,20.7,68995.9,24,3,southeast,1
LN-00220,558,0.372,0.6,63913.24,36,1,southeast,1
LN-00221,656,0.327,5.5,97856.45,48,1,northeast,0
LN-00222,731,0.1,17.8,45857.38,36,3,west,0
LN-00223,580,0.627,14.1,52189.26,36,4,midwest,0
LN-00224,736,0.139,12.4,24312.87,48,5,southeast,1
LN-00225,611,0.103,1.4,90193.75,48,4,west,1
LN-00226,762,0.22,8.7,95241.52,24,3,northeast,0
LN-00227,693,0.117,21.6,20716.28,60,3,southeast,0
LN-00228,684,0.339,0.8,50247.56,60,2,midwest,1
LN-00229,573,0.374,9.9,107684.07,48,4,northeast,1
LN-00230,658,0.258,23.6,5311.34,48,1,midwest,0
LN-00231,776,0.109,1.3,39357.29,48,1,west,0
LN-00232,525,0.144,18.7,68829.86,36,5,midwest,1
LN-00233,747,0.299,6.4,43420.79,36,3,northeast,1
LN-00234,667,0.115,21.7,36285.2,36,2,midwest,0
LN-00235,735,0.478,18.7,57904.31,24,5,southeast,0
LN-00236,718,0.198,22.1,25875.16,60,5,midwest,0
LN-00237,649,0.252,5.4,65906.9,36,1,midwest,0
LN-00238,612,0.305,13.3,86270.03,36,3,northeast,1
LN-00239,708,0.317,19.5,71158.92,60,2,northeast,0
LN-00240,562,0.081,6.1,15707.57,48,4,northeast,1
LN-00241,695,0.144,5.8,102106.99,48,5,northeast,0
LN-00242,548,0.572,0.7,25122.45,24,3,southeast,1
LN-00243,714,0.081,24.0,92953.38,36,4,northeast,0
LN-00244,708,0.37,17.8,46464.99,48,3,west,0
LN-00245,545,0.359,15.9,95017.56,36,5,west,1
LN-00246,747,0.27,18.6,28721.38,24,2,northeast,0
LN-00247,644,0.326,13.3,26466.14,60,2,southeast,0
LN-00248,756,0.525,11.9,62157.97,36,2,midwest,1
LN-00249,532,0.559,11.2,8787.64,48,5,midwest,1
LN-00250,573,0.228,16.0,30909.19,36,3,midwest,0
LN-00251,668,0.264,5.0,88261.41,48,0,west,0
LN-00252,576,0.218,22.2,101299.1,60,0,midwest,0
LN-00253,618,0.354,20.3,14290.32,60,3,midwest,1
LN-00254,718,0.469,8.7,106438.94,24,4,midwest,0
LN-00255,563,0.21,14.5,96714.48,48,2,midwest,0
LN-00256,723,0.269,3.5,105013.69,60,3,southeast,1
LN-00257,551,0.61,24.3,85319.28,48,4,midwest,1
LN-00258,572,0.108,22.6,82527.6,24,3,west,1
LN-00259,696,0.343,23.0,65385.72,24,5,southeast,0
LN-00260,758,0.486,8.3,80070.53,24,3,northeast,0
LN-00261,571,0.166,4.2,110697.61,24,4,midwest,1
LN-00262,609,0.107,5.3,16560.03,60,4,west,0
LN-00263,797,0.159,2.3,41312.91,60,3,west,0
LN-00264,816,0.604,3.0,13332.32,48,0,midwest,0
LN-00265,694,0.085,1.8,113652.59,48,2,west,0
LN-00266,654,0.187,24.7,56205.53,60,0,southeast,1
LN-00267,624,0.098,1.9,82664.61,36,3,southeast,1
LN-00268,703,0.143,3.3,101728.81,36,0,southeast,0
LN-00269,697,0.433,20.7,118965.03,48,3,southeast,1
LN-00270,608,0.218,14.5,23604.98,36,2,midwest,1
LN-00271,526,0.404,19.4,96943.95,24,0,west,0
LN-00272,565,0.416,15.8,107053.63,48,0,southeast,1
LN-00273,807,0.564,22.1,10620.67,60,3,northeast,0
LN-00274,645,0.083,16.0,91720.41,24,0,west,0
LN-00275,664,0.566,13.1,45793.41,24,5,west,1
LN-00276,660,0.433,17.8,79588.63,36,4,west,1
LN-00277,754,0.173,11.2,64115.54,60,4,southeast,0
LN-00278,539,0.521,8.7,34870.36,48,1,midwest,1
LN-00279,544,0.568,11.7,20550.46,48,4,midwest,1
LN-00280,602,0.225,4.2,18448.93,48,3,west,1
LN-00281,665,0.604,19.9,16882.13,36,2,west,0
LN-00282,721,0.339,6.5,78345.85,48,0,west,1
LN-00283,667,0.424,3.8,45412.25,24,3,southeast,0
LN-00284,652,0.641,6.2,29912.85,24,4,northeast,1
LN-00285,801,0.286,21.1,84566.79,60,0,northeast,0
LN-00286,568,0.544,8.3,83987.7,48,0,west,1
LN-00287,691,0.261,17.2,67004.35,24,2,west,0
LN-00288,682,0.536,21.4,112520.15,36,3,northeast,1
LN-00289,662,0.422,1.9,49322.64,24,2,southeast,0
LN-00290,762,0.203,19.1,101124.24,48,2,northeast,0
LN-00291,600,0.316,7.7,13641.03,60,1,southeast,1
LN-00292,806,0.261,5.4,90080.58,36,0,midwest,0
LN-00293,619,0.125,17.2,118671.45,36,0,midwest,0
LN-00294,683,0.097,22.7,102358.79,24,0,southeast,0
LN-00295,676,0.277,7.4,71661.44,36,4,southeast,0
LN-00296,774,0.091,14.2,77078.1,36,4,midwest,0
LN-00297,651,0.174,7.2,45628.3,24,2,midwest,1
LN-00298,605,0.493,13.9,83140.8,36,0,northeast,1
LN-00299,526,0.484,15.5,93595.47,60,2,northeast,1
LN-00300,629,0.501,15.3,119796.28,60,5,southeast,1
LN-00301,767,0.261,15.6,61633.24,36,1,southeast,0
LN-00302,522,0.587,3.4,12049.97,60,2,west,1
LN-00303,788,0.418,17.3,73523.66,24,3,west,0
LN-00304,682,0.152,16.9,18687.78,60,1,midwest,0
LN-00305,562,0.162,17.1,33147.98,36,2,northeast,1
LN-00306,610,0.475,1.9,42809.69,48,2,northeast,1
LN-00307,686,0.179,11.2,89068.44,24,2,southeast,0
LN-00308,614,0.369,10.2,26137.93,60,4,midwest,1
LN-00309,552,0.645,2.2,24061.59,36,3,midwest,1
LN-00310,719,0.082,5.6,10170.89,60,0,northeast,0
LN-00311,721,0.089,11.0,105422.59,24,0,west,0
LN-00312,555,0.646,18.6,84753.12,48,2,southeast,1
LN-00313,604,0.413,5.9,9593.84,24,5,midwest,1
LN-00314,593,0.152,20.7,8253.62,60,0,northeast,0
LN-00315,717,0.591,13.6,69247.54,36,0,west,1
LN-00316,739,0.582,19.0,37491.46,48,4,midwest,1
LN-00317,738,0.386,11.8,73623.53,60,2,northeast,0
LN-00318,801,0.434,12.5,54979.48,48,1,southeast,0
LN-00319,750,0.236,15.5,111180.94,24,1,southeast,0
LN-00320,616,0.109,23.2,38098.04,24,3,northeast,0
LN-00321,552,0.419,12.3,83101.72,24,3,west,1
LN-00322,704,0.248,13.2,11216.25,60,3,west,1
LN-00323,794,0.458,15.0,114923.96,60,1,west,0
LN-00324,812,0.557,18.4,117787.11,36,3,southeast,0
LN-00325,589,0.09,1.8,89993.58,60,5,midwest,0
LN-00326,590,0.42,12.9,58499.43,24,1,southeast,1
LN-00327,531,0.212,12.0,30299.25,48,2,southeast,1
LN-00328,562,0.578,23.0,98439.38,36,0,midwest,1
LN-00329,686,0.225,12.3,89680.72,24,3,southeast,0
LN-00330,684,0.428,11.7,30524.71,36,0,west,0
LN-00331,631,0.396,24.1,56889.76,36,1,northeast,0
LN-00332,612,0.306,11.3,58221.88,36,4,northeast,1
LN-00333,768,0.466,4.5,100037.21,24,0,west,1
LN-00334,658,0.494,5.4,83642.14,36,5,west,1
LN-00335,762,0.403,2.4,78964.27,24,2,west,1
LN-00336,808,0.512,0.0,79730.15,60,2,southeast,1
LN-00337,615,0.641,10.8,36104.06,36,3,southeast,1
LN-00338,580,0.319,19.2,47746.79,24,3,northeast,0
LN-00339,805,0.373,18.3,10251.16,48,2,southeast,0
LN-00340,710,0.087,0.8,95498.23,60,5,midwest,0
LN-00341,607,0.534,14.2,54794.79,36,5,southeast,1
LN-00342,706,0.377,3.9,55397.41,60,1,southeast,1
LN-00343,674,0.313,23.5,33215.97,48,4,northeast,1
LN-00344,791,0.134,4.2,29084.14,48,1,southeast,0
LN-00345,596,0.587,15.7,72599.52,36,5,midwest,1
LN-00346,817,0.305,8.2,31743.6,24,1,midwest,0
LN-00347,800,0.469,16.0,12384.02,36,1,midwest,0
LN-00348,574,0.165,10.3,93263.35,60,4,west,1
LN-00349,569,0.628,19.0,48293.98,60,4,northeast,1
LN-00350,679,0.182,5.8,48727.09,60,0,southeast,0
LN-00351,533,0.194,22.6,54601.6,60,3,midwest,1
LN-00352,609,0.57,12.5,98730.15,36,2,southeast,1
LN-00353,650,0.6,18.9,41896.24,36,3,west,1
LN-00354,810,0.201,21.2,92174.16,60,3,northeast,0
LN-00355,817,0.348,25.0,113047.66,48,5,northeast,1
LN-00356,565,0.498,5.6,80999.84,36,5,southeast,1
LN-00357,787,0.581,7.2,54643.32,36,3,southeast,0
LN-00358,547,0.296,6.3,90995.82,60,4,west,1
LN-00359,744,0.375,6.6,57658.2,24,5,southeast,1
LN-00360,773,0.503,14.6,52659.14,24,1,southeast,1
LN-00361,787,0.497,24.8,65407.56,48,4,northeast,1
LN-00362,587,0.526,24.8,41538.07,24,4,southeast,0
LN-00363,788,0.405,13.2,16988.77,24,0,midwest,1
LN-00364,554,0.14,16.0,52707.98,60,5,midwest,0
LN-00365,675,0.595,21.5,19243.54,36,4,midwest,1
LN-00366,660,0.573,23.3,52200.77,48,2,southeast,1
LN-00367,614,0.535,5.1,69047.38,36,2,northeast,1
LN-00368,526,0.137,13.2,112031.79,24,2,northeast,1
LN-00369,751,0.197,20.8,9165.57,24,5,northeast,0
LN-00370,620,0.504,7.6,76467.72,60,5,midwest,1
LN-00371,718,0.093,11.0,57639.55,24,4,west,0
LN-00372,643,0.638,24.6,7330.03,48,3,west,1
LN-00373,632,0.295,24.6,33698.04,36,0,southeast,1
LN-00374,785,0.49,22.7,18625.8,36,5,northeast,0
LN-00375,548,0.586,20.0,29931.33,60,0,midwest,1
LN-00376,740,0.305,6.7,36575.58,48,1,northeast,1
LN-00377,744,0.262,8.0,51150.23,48,0,midwest,0
LN-00378,633,0.427,13.7,65839.53,36,5,southeast,1
LN-00379,598,0.411,14.0,5113.85,36,2,west,0
LN-00380,521,0.313,12.6,23614.98,48,1,midwest,1
LN-00381,801,0.423,15.9,15760.13,24,0,midwest,0
LN-00382,804,0.613,10.2,68212.44,24,2,southeast,1
LN-00383,592,0.347,18.7,42843.61,48,4,west,1
LN-00384,529,0.192,8.3,68065.74,48,5,midwest,0
LN-00385,556,0.295,8.3,30509.68,24,3,midwest,1
LN-00386,540,0.305,3.2,7786.38,60,3,southeast,1
LN-00387,769,0.155,4.7,113257.19,48,5,southeast,1
LN-00388,787,0.173,21.3,17455.43,24,5,west,0
LN-00389,565,0.47,11.2,19588.76,60,1,southeast,1
LN-00390,744,0.274,5.7,21852.89,60,5,northeast,0
LN-00391,573,0.624,19.0,117846.8,36,3,southeast,1
LN-00392,630,0.219,13.8,76030.93,36,5,southeast,1
LN-00393,699,0.136,0.5,75183.34,36,0,southeast,1
LN-00394,735,0.509,7.9,118470.29,48,0,northeast,0
LN-00395,782,0.582,4.4,15170.46,24,5,northeast,1
LN-00396,533,0.239,16.4,117067.6,36,4,southeast,1
LN-00397,578,0.195,6.9,28461.51,24,1,southeast,1
LN-00398,604,0.186,1.6,76653.22,24,5,northeast,1
LN-00399,613,0.378,1.4,53309.61,36,0,southeast,1
LN-00400,819,0.347,14.5,49154.46,48,4,southeast,0
LN-00401,753,0.228,0.5,112092.98,60,1,northeast,0
LN-00402,616,0.106,21.2,22161.19,24,0,southeast,0
LN-00403,811,0.354,3.9,119662.94,24,4,southeast,1
LN-00404,669,0.627,15.2,48599.38,36,5,northeast,0
LN-00405,670,0.452,11.1,79609.11,48,0,west,1
LN-00406,650,0.362,11.1,116309.27,60,0,northeast,1
LN-00407,563,0.143,1.8,11624.12,48,3,midwest,1
LN-00408,800,0.224,20.1,111129.4,48,0,midwest,0
LN-00409,524,0.248,22.3,70298.31,24,4,west,1
LN-00410,572,0.516,0.3,86005.64,24,5,midwest,1
LN-00411,588,0.58,4.5,22156.18,24,4,midwest,1
LN-00412,603,0.594,22.6,66339.55,48,1,west,1
LN-00413,559,0.641,13.7,82454.08,36,1,west,1
LN-00414,525,0.64,3.8,57468.44,24,4,northeast,1
LN-00415,723,0.623,5.1,22823.3,48,0,west,0
LN-00416,810,0.121,16.5,33073.69,60,3,southeast,0
LN-00417,556,0.159,18.1,103255.17,36,2,northeast,0
LN-00418,608,0.254,15.0,8964.16,60,4,midwest,1
LN-00419,671,0.395,23.8,86519.14,48,1,west,0
LN-00420,798,0.135,12.4,119929.85,48,4,northeast,1
LN-00421,728,0.562,7.5,5860.54,60,4,northeast,1
LN-00422,749,0.432,11.9,23520.25,24,1,west,0
LN-00423,694,0.389,9.0,82526.59,60,2,midwest,0
LN-00424,645,0.174,5.6,11898.95,60,0,northeast,0
LN-00425,579,0.224,1.1,72825.85,60,2,west,1
LN-00426,779,0.171,8.8,83660.01,48,1,southeast,0
LN-00427,761,0.566,17.8,72636.83,60,0,southeast,1
LN-00428,527,0.413,0.5,46996.24,60,3,southeast,1
LN-00429,734,0.499,11.0,85187.46,60,3,midwest,0
LN-00430,545,0.249,16.1,73343.86,60,0,northeast,0
LN-00431,741,0.292,15.3,28878.27,60,1,southeast,1
LN-00432,767,0.311,19.4,69760.59,36,0,southeast,0
LN-00433,559,0.513,20.3,106419.33,48,4,northeast,1
LN-00434,650,0.52,17.8,81685.83,36,2,west,1
LN-00435,557,0.198,2.6,59256.02,60,0,northeast,1
LN-00436,690,0.617,11.9,41982.17,60,1,west,1
LN-00437,798,0.149,15.1,14876.91,60,5,northeast,0
LN-00438,544,0.591,6.1,33132.12,48,1,southeast,1
LN-00439,639,0.137,1.1,6286.48,36,4,northeast,1
LN-00440,811,0.231,5.6,118461.98,24,2,southeast,0
LN-00441,610,0.562,11.4,30585.46,48,1,midwest,1
LN-00442,559,0.182,10.3,98710.73,48,1,northeast,1
LN-00443,666,0.316,4.4,24394.16,48,0,midwest,0
LN-00444,672,0.336,20.6,37614.13,48,4,west,1
LN-00445,718,0.22,23.1,53101.89,60,2,southeast,1
LN-00446,614,0.485,5.0,42306.65,24,2,northeast,1
LN-00447,806,0.565,23.2,96810.34,36,0,midwest,0
LN-00448,676,0.579,0.4,115134.74,48,4,northeast,0
LN-00449,605,0.273,23.1,105658.87,60,1,northeast,1
LN-00450,808,0.383,23.8,22661.45,60,3,southeast,0
LN-00451,797,0.222,0.3,94319.2,60,5,southeast,1
LN-00452,669,0.22,19.1,22013.9,60,4,northeast,1
LN-00453,527,0.172,24.3,110038.83,60,3,west,1
LN-00454,699,0.616,22.6,64556.04,48,5,midwest,1
LN-00455,686,0.586,24.3,43683.83,24,1,west,0
LN-00456,564,0.523,13.8,23057.93,48,5,southeast,1
LN-00457,710,0.375,2.0,6358.05,48,3,southeast,1
LN-00458,772,0.36,21.2,33513.9,24,2,west,0
LN-00459,551,0.382,15.3,110112.31,60,1,northeast,1
LN-00460,736,0.386,15.4,96685.15,48,4,southeast,1
LN-00461,562,0.328,10.4,116526.28,60,5,west,1
LN-00462,744,0.155,14.3,16587.57,24,4,southeast,0
LN-00463,645,0.152,3.8,73100.56,60,0,west,0
LN-00464,521,0.623,18.5,34572.3,36,2,southeast,1
LN-00465,809,0.355,1.9,67438.3,48,4,southeast,0
LN-00466,569,0.623,18.2,41852.31,48,2,west,0
LN-00467,698,0.173,21.2,37598.54,48,4,northeast,0
LN-00468,574,0.396,11.8,70992.21,60,4,west,1
LN-00469,799,0.198,12.7,26081.59,24,0,northeast,0
LN-00470,741,0.224,7.8,58950.35,48,3,southeast,0
LN-00471,761,0.097,24.2,79843.41,60,1,midwest,0
LN-00472,649,0.148,18.3,19740.94,24,2,midwest,0
LN-00473,660,0.603,9.2,112018.34,36,2,west,1
LN-00474,710,0.263,4.4,63158.34,36,4,west,1
LN-00475,755,0.427,5.5,99245.72,48,5,midwest,1
LN-00476,774,0.345,11.6,80199.12,60,2,midwest,0
LN-00477,525,0.308,23.6,86650.11,60,3,southeast,1
LN-00478,719,0.383,18.4,87355.06,60,3,west,1
LN-00479,552,0.187,5.4,105636.49,36,3,midwest,1
LN-00480,606,0.644,21.5,75564.63,48,3,northeast,1
LN-00481,768,0.546,9.5,36994.97,24,4,west,0
LN-00482,595,0.503,21.3,16443.61,36,5,southeast,1
LN-00483,759,0.347,6.0,74718.82,24,4,southeast,0
LN-00484,658,0.167,15.5,12630.57,24,0,southeast,0
LN-00485,589,0.605,23.2,32748.75,60,2,west,1
LN-00486,620,0.275,6.4,11981.33,60,2,southeast,1
LN-00487,679,0.109,17.3,68122.07,48,3,southeast,0
LN-00488,749,0.275,24.7,23438.88,24,3,northeast,1
LN-00489,701,0.533,3.8,75196.84,24,4,southeast,1
LN-00490,799,0.435,2.2,95949.49,24,2,northeast,1
LN-00491,780,0.508,16.9,99516.28,48,1,midwest,0
LN-00492,746,0.532,8.5,40597.5,24,2,west,0
LN-00493,700,0.201,1.8,68129.77,36,5,southeast,0
LN-00494,606,0.607,11.9,69746.24,60,1,west,0
LN-00495,643,0.33,18.8,59382.03,60,0,west,0
LN-00496,555,0.444,7.1,80338.1,60,5,northeast,1
LN-00497,632,0.081,8.4,29160.02,36,1,midwest,0
LN-00498,797,0.646,21.1,117612.97,48,3,midwest,0
LN-00499,647,0.24,13.0,16279.18,24,4,southeast,0
LN-00500,554,0.115,21.1,100360.43,60,1,west,1
LN-00501,715,0.341,11.2,73321.04,24,2,southeast,1
LN-00502,808,0.154,23.8,33158.3,48,1,northeast,0
LN-00503,780,0.167,16.3,90752.63,48,0,midwest,0
LN-00504,602,0.44,2.9,14715.3,60,0,northeast,1
LN-00505,656,0.304,22.1,94058.05,36,1,southeast,0
LN-00506,679,0.605,12.2,72848.3,24,2,midwest,1
LN-00507,594,0.262,3.5,17736.29,60,3,midwest,1
LN-00508,600,0.494,3.8,14143.14,48,0,southeast,0
LN-00509,590,0.343,17.2,91346.18,36,5,southeast,1
LN-00510,818,0.456,1.2,38687.63,36,4,northeast,0
LN-00511,743,0.422,7.2,107269.71,36,0,southeast,1
LN-00512,772,0.349,3.5,92638.4,36,5,midwest,1
LN-00513,764,0.622,11.0,85291.88,36,0,midwest,1
LN-00514,807,0.275,10.4,37039.7,36,3,southeast,0
LN-00515,551,0.181,13.0,86528.62,36,2,northeast,1
LN-00516,784,0.467,7.0,114036.98,24,3,midwest,0
LN-00517,539,0.562,0.8,15529.38,60,5,midwest,0
LN-00518,662,0.103,15.4,42508.7,24,5,northeast,1
LN-00519,698,0.336,9.3,31987.31,24,1,midwest,0
LN-00520,627,0.589,16.3,50223.77,24,3,northeast,1
LN-00521,563,0.507,2.7,90368.26,60,5,southeast,1
LN-00522,577,0.645,0.3,59537.9,36,4,midwest,1
LN-00523,767,0.383,6.2,70634.02,36,5,midwest,1
LN-00524,615,0.456,11.4,41127.81,36,2,midwest,1
LN-00525,613,0.252,9.9,21248.27,24,1,west,1
LN-00526,797,0.62,20.3,35697.37,36,3,northeast,0
LN-00527,563,0.289,9.4,103863.23,24,4,west,1
LN-00528,794,0.501,13.3,74277.95,60,5,southeast,1
LN-00529,796,0.31,14.8,48468.7,24,4,southeast,1
LN-00530,699,0.4,0.5,95839.19,36,4,west,1
LN-00531,569,0.49,12.9,12412.6,60,3,southeast,1
LN-00532,566,0.37,8.6,34197.48,60,1,northeast,1
LN-00533,605,0.597,10.5,31461.86,48,2,midwest,1
LN-00534,693,0.319,2.5,118316.92,24,2,midwest,1
LN-00535,566,0.449,19.6,86201.34,36,4,midwest,1
LN-00536,656,0.275,23.6,76045.38,24,3,northeast,1
LN-00537,554,0.313,0.6,5573.27,48,4,midwest,1
LN-00538,682,0.331,15.0,26195.65,36,0,northeast,0
LN-00539,526,0.152,19.1,78087.25,48,4,midwest,0
LN-00540,732,0.132,7.1,48667.72,48,3,midwest,0
LN-00541,536,0.46,19.7,111292.24,60,5,west,1
LN-00542,578,0.454,15.8,92943.29,36,2,west,1
LN-00543,572,0.458,23.2,56449.17,60,2,northeast,1
LN-00544,769,0.091,24.5,91194.22,36,0,northeast,0
LN-00545,536,0.266,1.1,117171.5,48,4,midwest,1
LN-00546,648,0.193,11.1,58012.79,48,4,west,1
LN-00547,697,0.524,13.7,78890.48,60,5,northeast,1
LN-00548,674,0.571,3.7,110646.43,36,0,southeast,1
LN-00549,724,0.221,8.4,33597.59,60,1,southeast,0
LN-00550,760,0.461,24.7,106954.16,36,5,southeast,1
LN-00551,638,0.154,0.4,16217.64,36,0,midwest,1
LN-00552,768,0.237,11.3,79571.54,36,3,southeast,1
LN-00553,615,0.159,21.1,95026.39,48,2,southeast,0
LN-00554,815,0.242,8.1,75679.72,48,5,west,1
LN-00555,671,0.465,12.0,61986.5,24,5,southeast,1
LN-00556,740,0.599,24.5,75994.92,60,5,northeast,1
LN-00557,782,0.195,11.9,22441.33,60,1,west,0
LN-00558,757,0.389,3.3,29790.63,24,3,southeast,1
LN-00559,775,0.48,1.3,36038.42,60,4,west,1
LN-00560,680,0.623,23.6,73744.62,48,5,west,1
LN-00561,533,0.428,6.6,55818.62,24,0,midwest,1
LN-00562,667,0.225,12.6,33114.72,36,5,northeast,1
LN-00563,574,0.437,2.3,106523.07,60,2,west,1
LN-00564,786,0.263,10.6,48001.01,36,0,midwest,1
LN-00565,591,0.636,23.3,56293.65,60,3,southeast,1
LN-00566,588,0.308,12.6,52115.62,36,4,west,1
LN-00567,594,0.471,24.3,25923.44,24,0,west,0
LN-00568,712,0.093,6.5,89137.11,36,0,west,0
LN-00569,691,0.308,12.6,56572.7,48,5,northeast,1
LN-00570,804,0.579,21.5,6869.57,48,5,midwest,1
LN-00571,644,0.428,11.2,115861.58,60,0,southeast,1
LN-00572,604,0.333,7.0,98812.82,24,5,northeast,1
LN-00573,534,0.613,21.4,88209.33,60,5,southeast,1
LN-00574,522,0.567,9.7,104945.57,48,5,northeast,1
LN-00575,632,0.264,13.3,109282.83,24,1,northeast,1
LN-00576,797,0.39,24.4,43811.32,60,3,midwest,0
LN-00577,677,0.359,4.7,75260.25,36,5,midwest,0
LN-00578,788,0.44,7.5,75012.9,48,5,southeast,1
LN-00579,550,0.27,0.8,35739.46,48,3,northeast,0
LN-00580,547,0.219,9.8,30524.51,24,1,west,0
LN-00581,770,0.6,5.0,18099.33,24,0,midwest,1
LN-00582,552,0.607,17.0,80821.13,48,1,midwest,1
LN-00583,535,0.561,4.5,94805.68,36,0,northeast,1
LN-00584,641,0.638,16.9,92509.59,24,1,northeast,1
LN-00585,797,0.505,6.6,41371.67,24,0,northeast,0
LN-00586,726,0.516,8.9,28604.88,60,4,northeast,1
LN-00587,549,0.515,8.7,57165.63,24,3,west,1
LN-00588,771,0.354,17.9,67883.55,24,3,southeast,0
LN-00589,773,0.34,11.7,110695.02,48,4,midwest,0
LN-00590,760,0.217,9.0,105604.66,24,2,west,0
LN-00591,790,0.448,21.3,110346.71,48,2,west,1
LN-00592,591,0.245,14.3,102780.17,48,1,southeast,0
LN-00593,813,0.227,5.3,115926.84,48,2,southeast,1
LN-00594,616,0.414,22.5,58532.5,36,1,southeast,1
LN-00595,760,0.314,8.6,10459.45,60,3,northeast,0
LN-00596,693,0.205,1.0,14609.63,48,5,west,0
LN-00597,753,0.545,12.4,49881.76,36,3,midwest,1
LN-00598,708,0.571,3.1,34634.02,24,1,southeast,1
LN-00599,712,0.176,6.0,24543.17,36,4,midwest,1
LN-00600,704,0.084,18.7,114618.43,24,4,midwest,1
LN-00601,753,0.272,3.3,27473.25,24,2,northeast,1
LN-00602,741,0.535,20.2,115328.62,36,1,midwest,0
LN-00603,560,0.558,23.4,92496.47,24,4,west,1
LN-00604,767,0.159,15.2,78708.75,24,1,midwest,0
LN-00605,680,0.521,17.8,82742.18,36,5,midwest,1
LN-00606,616,0.146,17.8,43119.55,48,1,northeast,0
LN-00607,674,0.302,24.8,79339.11,24,2,midwest,1
LN-00608,810,0.649,8.5,26469.59,36,4,west,1
LN-00609,777,0.19,4.1,112836.12,24,0,southeast,0
LN-00610,770,0.168,13.0,39706.23,24,1,midwest,0
LN-00611,658,0.321,13.3,34346.45,24,0,midwest,1
LN-00612,755,0.433,4.4,86783.72,36,2,northeast,1
LN-00613,635,0.612,15.3,80491.6,48,3,southeast,1
LN-00614,725,0.639,0.4,56899.38,60,1,west,1
LN-00615,711,0.12,23.2,77731.32,48,2,west,0
LN-00616,594,0.159,6.6,23341.7,48,4,southeast,1
LN-00617,599,0.531,1.0,82432.76,60,5,southeast,1
LN-00618,538,0.234,2.7,36120.23,36,0,west,1
LN-00619,561,0.584,6.0,36376.14,60,3,northeast,1
LN-00620,650,0.458,6.8,23650.69,60,0,southeast,0
LN-00621,663,0.144,0.8,43223.37,48,3,northeast,1
LN-00622,569,0.555,7.0,43093.87,60,5,northeast,1
LN-00623,645,0.181,4.8,57230.59,24,4,midwest,1
LN-00624,701,0.321,9.5,26898.24,60,1,southeast,0
LN-00625,589,0.395,9.6,27195.87,48,1,west,1
LN-00626,621,0.365,8.5,67299.94,24,4,west,1
LN-00627,630,0.471,8.2,19820.9,24,4,west,1
LN-00628,671,0.452,2.2,84223.16,48,1,midwest,1
LN-00629,629,0.645,0.6,113553.92,36,0,midwest,1
LN-00630,741,0.65,5.1,54081.5,36,2,midwest,1
LN-00631,618,0.374,18.9,108627.11,36,3,west,1
LN-00632,650,0.134,24.8,16306.41,60,2,northeast,1
LN-00633,633,0.495,23.2,9940.13,36,5,midwest,0
LN-00634,574,0.637,12.6,87957.42,24,4,northeast,1
LN-00635,725,0.261,13.3,92517.48,36,4,southeast,1
LN-00636,590,0.343,7.9,101951.7,24,0,southeast,1
LN-00637,609,0.322,19.3,11534.03,48,5,midwest,1
LN-00638,757,0.109,19.1,94344.31,60,4,west,0
LN-00639,804,0.463,21.1,48301.95,60,2,northeast,0
LN-00640,721,0.281,22.4,39883.83,48,3,midwest,0
LN-00641,794,0.529,10.9,24897.75,60,4,northeast,0
LN-00642,776,0.554,19.2,119541.81,36,5,northeast,1
LN-00643,664,0.548,20.2,12321.31,48,3,southeast,0
LN-00644,751,0.317,7.7,100105.92,24,0,midwest,0
LN-00645,618,0.263,23.2,78541.86,48,3,northeast,1
LN-00646,658,0.507,2.4,89534.25,48,4,southeast,1
LN-00647,680,0.537,24.9,86847.47,24,0,west,0
LN-00648,808,0.36,19.3,103719.97,48,4,southeast,0
LN-00649,774,0.589,2.3,26136.09,48,1,west,0
LN-00650,666,0.162,16.4,5094.83,36,5,west,0
LN-00651,715,0.581,0.9,73830.78,48,3,southeast,1
LN-00652,580,0.135,19.3,45693.74,36,1,midwest,0
LN-00653,761,0.168,20.0,19235.54,36,0,midwest,0
LN-00654,685,0.384,15.1,26405.96,24,0,southeast,1
LN-00655,679,0.118,21.4,43151.17,36,4,southeast,0
LN-00656,749,0.11,2.4,13076.84,60,2,southeast,0
LN-00657,709,0.08,6.9,11545.02,60,5,northeast,0
LN-00658,541,0.329,10.4,110343.02,48,1,northeast,1
LN-00659,606,0.522,1.1,40891.82,48,5,southeast,1
LN-00660,573,0.1,11.2,117956.53,48,5,west,1
LN-00661,740,0.452,6.6,115902.21,36,0,northeast,1
LN-00662,530,0.549,9.8,21395.7,36,3,northeast,1
LN-00663,580,0.176,10.6,87216.29,48,5,southeast,1
LN-00664,699,0.164,22.0,74092.56,60,1,midwest,0
LN-00665,728,0.571,6.8,84424.41,36,0,northeast,1
LN-00666,670,0.549,22.3,16061.97,48,5,northeast,1
LN-00667,778,0.387,10.6,26684.41,36,2,northeast,0
LN-00668,795,0.547,8.2,13813.45,36,0,southeast,1
LN-00669,559,0.133,12.6,74475.43,36,5,northeast,1
LN-00670,805,0.305,10.4,118457.97,24,4,west,0
LN-00671,704,0.501,6.4,82278.22,36,0,west,1
LN-00672,710,0.227,12.6,86737.58,48,1,southeast,0
LN-00673,548,0.509,3.8,118227.28,48,0,northeast,0
LN-00674,706,0.367,8.8,82971.33,60,5,northeast,1
LN-00675,737,0.508,14.1,9620.88,24,0,southeast,0
LN-00676,694,0.345,10.3,104705.64,60,4,southeast,1
LN-00677,545,0.29,20.6,46938.0,60,3,midwest,1
LN-00678,676,0.205,6.4,5501.82,36,3,southeast,1
LN-00679,800,0.199,24.2,63331.93,36,4,southeast,0
LN-00680,737,0.508,19.6,112756.73,36,5,southeast,1
LN-00681,561,0.148,24.2,34593.03,48,0,midwest,0
LN-00682,807,0.129,21.0,61524.01,60,0,midwest,0
LN-00683,807,0.18,3.6,24984.34,48,0,northeast,0
LN-00684,570,0.18,13.2,11634.66,48,4,southeast,1
LN-00685,760,0.549,4.2,14262.67,48,3,midwest,0
LN-00686,642,0.307,20.5,88606.25,24,0,midwest,0
LN-00687,698,0.645,14.6,104368.56,48,1,midwest,1
LN-00688,653,0.158,6.6,21479.37,24,3,midwest,1
LN-00689,754,0.453,23.2,38156.64,60,4,midwest,1
LN-00690,818,0.336,2.9,27428.39,60,2,southeast,0
LN-00691,758,0.304,14.1,8088.41,48,5,midwest,0
LN-00692,799,0.579,18.0,68644.61,36,5,southeast,1
LN-00693,803,0.636,1.5,85491.05,48,4,southeast,1
LN-00694,547,0.578,14.9,79505.91,48,2,northeast,1
LN-00695,596,0.19,20.4,49626.16,48,5,southeast,1
LN-00696,736,0.206,1.7,68826.18,48,4,northeast,0
LN-00697,697,0.454,12.8,15821.42,24,3,northeast,1
LN-00698,535,0.245,6.5,22744.93,24,2,southeast,1
LN-00699,548,0.499,16.6,112156.38,36,4,midwest,1
LN-00700,676,0.403,3.0,92573.39,48,3,west,1
LN-00701,704,0.394,23.4,111115.0,36,1,northeast,1
LN-00702,570,0.552,22.4,110418.23,48,5,west,1
LN-00703,571,0.485,4.6,79680.15,36,0,southeast,1
LN-00704,558,0.095,8.1,111747.44,60,4,midwest,0
LN-00705,689,0.108,14.7,52920.97,36,3,midwest,0
LN-00706,522,0.423,18.0,5415.87,60,3,west,1
LN-00707,691,0.357,11.1,12195.68,36,0,northeast,1
LN-00708,662,0.228,3.9,17591.04,36,2,west,1
LN-00709,659,0.319,2.6,15965.65,48,5,northeast,1
LN-00710,723,0.512,25.0,45445.77,36,1,west,0
LN-00711,676,0.551,11.4,85646.14,24,4,midwest,1
LN-00712,738,0.4,21.8,95924.61,36,5,southeast,0
LN-00713,749,0.3,12.1,72874.53,60,5,southeast,1
LN-00714,796,0.234,23.1,21840.16,24,3,northeast,0
LN-00715,759,0.377,2.2,91008.68,36,1,west,1
LN-00716,675,0.259,2.9,45802.22,48,4,midwest,1
LN-00717,667,0.402,23.2,6494.24,48,2,west,0
LN-00718,590,0.466,23.7,37267.69,36,3,midwest,1
LN-00719,699,0.118,7.9,43019.06,24,4,west,1
LN-00720,561,0.081,8.9,36538.24,24,4,west,0
LN-00721,799,0.201,11.3,98365.07,36,1,southeast,0
LN-00722,773,0.59,10.4,92391.54,60,4,midwest,1
LN-00723,555,0.448,4.8,84988.48,24,3,southeast,1
LN-00724,755,0.178,22.5,20985.58,60,5,west,0
LN-00725,555,0.587,6.3,97900.9,48,3,midwest,1
LN-00726,736,0.348,17.6,82875.24,24,5,southeast,1
LN-00727,546,0.351,1.7,27406.33,36,5,midwest,1
LN-00728,666,0.613,1.0,79530.8,24,5,southeast,1
LN-00729,717,0.114,16.3,60603.84,60,4,midwest,0
LN-00730,738,0.203,8.5,55525.26,48,3,southeast,0
LN-00731,645,0.414,16.4,17894.16,36,0,southeast,1
LN-00732,796,0.191,2.4,64604.99,36,2,west,0
LN-00733,752,0.467,23.7,16492.16,48,2,northeast,0
LN-00734,582,0.202,18.7,23889.14,24,4,west,0
LN-00735,721,0.137,21.9,20242.83,36,3,northeast,0
LN-00736,739,0.198,3.4,114722.45,24,2,northeast,1
LN-00737,620,0.321,8.0,37759.44,48,0,northeast,0
LN-00738,741,0.18,9.2,45848.5,48,4,northeast,0
LN-00739,789,0.157,13.4,42039.27,36,2,northeast,0
LN-00740,765,0.57,7.4,108298.8,24,0,west,1
LN-00741,748,0.263,1.5,69741.08,36,1,west,0
LN-00742,710,0.286,9.2,110703.39,60,5,midwest,1
LN-00743,601,0.112,6.4,39491.36,24,0,northeast,1
LN-00744,758,0.284,9.6,18205.99,24,2,west,0
LN-00745,629,0.231,4.9,68965.12,24,3,midwest,1
LN-00746,679,0.428,6.5,44736.75,60,0,midwest,0
LN-00747,614,0.197,15.7,97219.29,24,0,west,1
LN-00748,613,0.586,9.7,106133.69,48,5,southeast,1
LN-00749,567,0.61,8.6,59345.95,60,3,southeast,1
LN-00750,808,0.137,13.3,116706.29,48,1,west,0
LN-00751,564,0.141,19.3,68596.5,36,1,midwest,0
LN-00752,545,0.146,9.5,36155.85,24,2,midwest,0
LN-00753,800,0.433,14.7,61232.18,24,4,midwest,1
LN-00754,686,0.15,24.2,9290.68,24,4,west,0
LN-00755,651,0.566,13.0,97460.13,60,1,southeast,1
LN-00756,741,0.51,22.7,16665.03,24,4,northeast,1
LN-00757,634,0.547,19.8,40506.08,24,5,southeast,1
LN-00758,558,0.38,1.5,70011.4,60,1,midwest,1
LN-00759,738,0.648,10.7,9942.14,36,0,west,0
LN-00760,572,0.105,17.5,14121.44,36,5,southeast,1
LN-00761,685,0.309,24.7,85053.38,48,3,midwest,0
LN-00762,804,0.265,11.5,13254.37,48,4,west,0
LN-00763,800,0.621,2.3,59864.53,60,1,west,0
LN-00764,628,0.409,14.1,43950.0,36,1,west,0
LN-00765,754,0.54,3.2,31229.13,48,1,west,0
LN-00766,703,0.177,18.8,26709.57,60,1,midwest,0
LN-00767,663,0.638,12.7,92792.3,36,2,southeast,0
LN-00768,561,0.364,18.1,114427.35,36,0,southeast,1
LN-00769,632,0.361,21.7,21120.67,60,5,midwest,0
LN-00770,715,0.633,15.7,115363.34,24,3,northeast,0
LN-00771,815,0.297,15.3,73397.69,24,5,midwest,0
LN-00772,521,0.307,18.9,78790.95,48,3,midwest,1
LN-00773,735,0.413,21.1,86641.53,60,1,midwest,0
LN-00774,773,0.153,21.7,85973.67,24,3,southeast,0
LN-00775,805,0.263,0.9,99278.28,60,0,midwest,0
LN-00776,647,0.19,13.9,60598.89,60,4,northeast,1
LN-00777,555,0.139,5.4,66336.24,60,4,midwest,1
LN-00778,601,0.574,21.5,42240.11,36,0,west,1
LN-00779,775,0.416,16.2,17104.62,36,3,west,1
LN-00780,783,0.284,10.5,81433.62,48,3,west,0
LN-00781,711,0.313,4.7,8865.15,24,1,southeast,0
LN-00782,556,0.326,8.5,36698.03,60,0,northeast,1
LN-00783,556,0.441,17.6,15836.43,48,4,midwest,1
LN-00784,663,0.608,5.1,26933.62,36,1,northeast,1
LN-00785,696,0.612,2.3,78454.05,48,3,southeast,1
LN-00786,529,0.303,22.2,77274.81,48,1,midwest,0
LN-00787,725,0.268,19.1,53421.31,48,3,midwest,1
LN-00788,683,0.337,5.0,15369.78,60,0,midwest,0
LN-00789,523,0.404,7.3,54838.0,60,2,west,1
LN-00790,548,0.343,24.3,45565.66,60,3,northeast,1
LN-00791,656,0.455,17.7,87852.8,48,2,west,0
LN-00792,736,0.396,15.3,71588.06,48,3,midwest,0
LN-00793,767,0.263,7.7,61530.06,36,1,southeast,0
LN-00794,649,0.277,7.5,61002.94,24,2,southeast,1
LN-00795,608,0.296,1.0,116124.14,36,4,midwest,1
LN-00796,810,0.134,18.2,91973.84,60,2,midwest,0
LN-00797,657,0.175,1.1,62152.65,24,0,southeast,1
LN-00798,614,0.492,0.1,60110.6,48,5,northeast,1
LN-00799,652,0.302,18.2,8045.1,24,4,northeast,1
LN-00800,523,0.202,23.7,113388.57,36,4,southeast,0
LN-00801,610,0.401,18.9,41705.01,24,4,southeast,1
LN-00802,674,0.511,11.8,34432.99,48,4,midwest,1
LN-00803,795,0.227,12.2,119932.03,60,4,west,1
LN-00804,741,0.551,10.9,87649.31,60,3,northeast,1
LN-00805,754,0.609,8.1,10446.83,48,0,southeast,0
LN-00806,683,0.421,13.0,12116.83,24,3,northeast,0
LN-00807,553,0.461,10.8,7932.68,48,1,west,1
LN-00808,637,0.11,15.0,73956.17,24,4,midwest,0
LN-00809,819,0.619,22.5,13229.92,36,2,northeast,0
LN-00810,533,0.304,24.9,112339.66,48,5,southeast,1
LN-00811,783,0.607,2.0,112744.25,48,3,midwest,1
LN-00812,725,0.41,9.6,67796.22,24,3,west,1
LN-00813,605,0.083,4.5,75913.48,60,5,midwest,1
LN-00814,753,0.102,8.8,38567.86,36,2,southeast,0
LN-00815,771,0.468,7.2,12356.84,60,2,midwest,0
LN-00816,532,0.401,4.4,89807.95,48,2,midwest,1
LN-00817,551,0.095,19.1,16705.39,48,5,midwest,1
LN-00818,719,0.504,12.4,14839.13,48,4,northeast,1
LN-00819,819,0.566,23.0,40790.66,60,0,midwest,0
LN-00820,527,0.363,0.8,6433.55,24,2,northeast,0
LN-00821,719,0.345,1.7,54914.1,48,2,west,0
LN-00822,560,0.083,10.1,86383.3,24,3,west,1
LN-00823,715,0.528,2.0,97155.13,36,0,midwest,1
LN-00824,706,0.269,6.6,74495.34,60,4,midwest,0
LN-00825,547,0.581,24.7,102390.53,60,4,northeast,0
LN-00826,724,0.293,5.2,51747.75,36,1,west,0
LN-00827,789,0.402,5.0,102608.79,36,0,southeast,0
LN-00828,779,0.234,14.3,63244.43,48,3,southeast,0
LN-00829,528,0.172,12.4,30649.15,36,1,midwest,1
LN-00830,593,0.522,14.5,113576.75,24,5,west,1
LN-00831,592,0.363,9.4,36621.65,36,4,southeast,0
LN-00832,655,0.386,20.7,8013.17,36,5,midwest,1
LN-00833,562,0.63,3.5,32907.51,48,3,midwest,1
LN-00834,776,0.629,10.7,47169.07,60,5,southeast,1
LN-00835,753,0.568,17.2,45405.21,48,0,midwest,0
LN-00836,762,0.187,21.7,65336.76,36,1,west,0
LN-00837,579,0.419,9.2,106559.59,48,0,southeast,1
LN-00838,524,0.581,14.2,38618.9,60,4,west,1
LN-00839,793,0.293,1.7,64888.62,36,3,west,1
LN-00840,606,0.138,4.3,44115.98,36,1,west,1
LN-00841,716,0.542,1.7,99503.9,24,1,midwest,1
LN-00842,792,0.355,18.2,23124.17,60,3,west,0
LN-00843,530,0.402,7.2,16903.68,60,1,midwest,1
LN-00844,521,0.64,18.1,62844.45,24,3,west,1
LN-00845,521,0.426,1.7,82267.07,36,3,midwest,1
LN-00846,566,0.322,21.6,96485.4,36,1,west,0
LN-00847,535,0.291,20.9,72806.86,60,1,west,1
LN-00848,765,0.318,2.2,93992.72,24,2,west,1
LN-00849,701,0.147,0.6,50161.66,24,3,midwest,1
LN-00850,814,0.533,1.4,8779.78,36,1,midwest,1
LN-00851,760,0.557,21.3,18351.42,48,2,west,0
LN-00852,808,0.242,5.9,9453.1,24,3,southeast,0
LN-00853,591,0.253,13.7,42828.52,48,1,northeast,0
LN-00854,606,0.578,10.7,61981.5,48,3,west,1
LN-00855,774,0.094,19.9,45976.51,60,0,midwest,0
LN-00856,593,0.377,12.2,69468.94,24,0,southeast,1
LN-00857,537,0.344,12.5,60270.05,24,1,midwest,1
LN-00858,720,0.473,24.7,82963.42,24,1,northeast,1
LN-00859,760,0.173,3.8,81700.65,60,0,southeast,0
LN-00860,810,0.461,20.8,41577.38,48,5,southeast,1
LN-00861,798,0.295,1.3,44814.66,48,1,southeast,1
LN-00862,556,0.433,11.9,72292.0,60,4,west,0
LN-00863,751,0.103,22.2,73589.73,48,5,midwest,0
LN-00864,773,0.343,16.6,41190.49,24,4,northeast,1
LN-00865,729,0.378,17.1,42986.56,48,4,southeast,0
LN-00866,765,0.202,6.6,84815.18,48,0,northeast,0
LN-00867,771,0.16,10.5,79452.24,24,2,west,1
LN-00868,653,0.187,9.2,20530.84,48,4,southeast,0
LN-00869,532,0.276,13.0,55719.82,36,3,southeast,1
LN-00870,656,0.135,11.6,107661.2,24,0,southeast,0
LN-00871,580,0.62,8.2,9175.15,36,3,northeast,1
LN-00872,554,0.311,7.6,103343.85,36,4,west,1
LN-00873,557,0.541,6.3,23765.49,36,4,midwest,1
LN-00874,729,0.635,9.1,63333.59,36,2,southeast,1
LN-00875,671,0.126,3.7,53798.69,48,1,southeast,1
LN-00876,681,0.451,21.8,6164.87,36,1,midwest,1
LN-00877,743,0.577,15.1,110270.65,36,1,northeast,1
LN-00878,684,0.442,3.3,57316.4,60,2,west,1
LN-00879,709,0.325,17.3,114740.85,24,1,midwest,0
LN-00880,545,0.326,21.2,37975.55,36,2,northeast,0
LN-00881,775,0.1,5.9,104621.71,24,0,midwest,0
LN-00882,654,0.385,3.8,111074.8,60,1,west,1
LN-00883,566,0.646,0.2,69035.73,24,1,northeast,1
LN-00884,763,0.626,1.2,28307.95,60,0,midwest,1
LN-00885,740,0.103,19.1,83803.45,24,5,midwest,0
LN-00886,535,0.482,24.7,68132.48,36,4,west,1
LN-00887,577,0.252,1.1,113620.91,48,5,midwest,1
LN-00888,524,0.595,18.7,55516.29,60,3,midwest,1
LN-00889,601,0.106,1.8,35879.07,24,0,west,1
LN-00890,549,0.613,14.8,20903.01,24,5,west,1
LN-00891,732,0.557,18.9,85342.86,60,2,southeast,1
LN-00892,676,0.147,9.0,117022.61,36,4,midwest,0
LN-00893,814,0.114,0.3,8259.53,24,2,northeast,0
LN-00894,744,0.556,14.9,90151.22,48,2,west,1
LN-00895,703,0.169,24.8,111596.99,24,2,west,0
LN-00896,672,0.385,6.4,13599.88,60,1,southeast,0
LN-00897,536,0.602,4.7,17669.56,60,3,midwest,1
LN-00898,541,0.403,3.1,84575.07,60,4,west,1
LN-00899,704,0.306,13.9,79515.79,36,0,northeast,1
LN-00900,521,0.334,14.9,12915.15,24,0,midwest,1
LN-00901,532,0.116,19.8,100958.62,36,5,west,1
LN-00902,585,0.632,18.8,65193.74,36,3,west,1
LN-00903,785,0.257,22.3,109327.7,60,5,northeast,1
LN-00904,657,0.188,20.1,105968.95,48,3,west,0
LN-00905,732,0.243,6.2,98438.39,60,3,west,1
LN-00906,643,0.63,13.9,64328.37,60,5,northeast,1
LN-00907,571,0.134,7.4,33946.72,48,3,midwest,0
LN-00908,631,0.574,8.2,63187.18,24,1,midwest,1
LN-00909,547,0.483,23.3,16593.31,24,3,west,1
LN-00910,751,0.553,17.0,80767.31,24,1,northeast,0
LN-00911,575,0.636,24.4,20407.38,48,2,west,1
LN-00912,632,0.56,10.4,63784.89,24,4,midwest,1
LN-00913,814,0.618,13.4,11253.93,60,0,southeast,0
LN-00914,697,0.152,12.2,39443.94,24,4,southeast,0
LN-00915,657,0.534,2.7,31689.25,60,3,west,0
LN-00916,682,0.391,5.9,76303.63,48,1,west,0
LN-00917,755,0.39,13.2,95480.47,24,0,southeast,0
LN-00918,596,0.592,1.7,11589.84,24,4,west,1
LN-00919,710,0.634,23.3,102782.62,36,4,midwest,1
LN-00920,781,0.482,3.1,103988.28,36,4,northeast,1
LN-00921,691,0.355,4.9,44360.94,36,2,midwest,1
LN-00922,653,0.34,19.1,80785.47,48,3,west,0
LN-00923,563,0.3,2.4,51300.5,24,2,northeast,1
LN-00924,594,0.286,22.5,22731.95,24,2,northeast,1
LN-00925,803,0.303,18.1,65796.18,48,1,northeast,0
LN-00926,682,0.131,1.7,14931.36,60,1,midwest,0
LN-00927,610,0.124,17.3,106024.3,36,5,northeast,1
LN-00928,645,0.525,15.8,111293.32,60,3,west,1
LN-00929,693,0.334,18.9,99485.51,36,1,northeast,0
LN-00930,681,0.61,20.7,69690.73,36,5,northeast,1
LN-00931,729,0.429,18.0,69123.84,24,0,southeast,0
LN-00932,597,0.1,14.7,118229.85,36,3,west,1
LN-00933,714,0.17,8.1,33508.69,36,0,west,0
LN-00934,652,0.197,17.4,13734.06,48,2,southeast,1
LN-00935,802,0.636,23.9,69623.21,24,3,midwest,0
LN-00936,567,0.205,14.7,42810.34,24,5,west,1
LN-00937,564,0.374,16.6,42068.96,36,5,west,1
LN-00938,658,0.614,10.9,5814.82,24,5,northeast,1
LN-00939,672,0.637,18.9,73567.53,24,1,west,0
LN-00940,727,0.215,24.9,35363.88,48,0,west,0
LN-00941,641,0.108,4.0,26603.73,60,5,midwest,1
LN-00942,794,0.168,5.1,9649.67,48,5,midwest,0
LN-00943,662,0.116,13.5,46901.58,24,1,southeast,0
LN-00944,558,0.191,12.0,106081.42,60,0,west,1
LN-00945,555,0.404,14.3,43717.14,48,3,west,1
LN-00946,812,0.6,1.2,83093.53,48,0,midwest,0
LN-00947,560,0.386,10.1,92002.9,24,0,midwest,1
LN-00948,804,0.437,14.6,42731.59,48,5,southeast,1
LN-00949,603,0.195,14.6,99488.68,24,2,midwest,1
LN-00950,548,0.536,16.4,84566.16,48,0,northeast,0
LN-00951,611,0.432,18.0,69312.86,24,3,west,1
LN-00952,704,0.573,16.0,5114.13,60,2,midwest,1
LN-00953,648,0.621,19.8,9035.44,24,3,midwest,1
LN-00954,755,0.278,15.6,118949.57,48,5,northeast,0
LN-00955,703,0.132,13.4,94962.65,24,1,midwest,0
LN-00956,640,0.209,15.2,112820.0,48,3,northeast,0
LN-00957,710,0.33,2.5,108764.87,36,4,west,1
LN-00958,811,0.619,6.8,7350.94,60,2,midwest,0
LN-00959,643,0.296,13.2,96062.44,48,5,southeast,0
LN-00960,566,0.519,21.8,56881.76,36,2,west,1
LN-00961,642,0.388,17.0,95799.19,24,2,west,0
LN-00962,772,0.184,2.3,5772.32,48,5,northeast,1
LN-00963,585,0.263,14.8,38142.92,36,3,northeast,0
LN-00964,804,0.452,5.5,91402.23,24,5,southeast,1
LN-00965,696,0.464,18.4,96197.39,48,4,northeast,1
LN-00966,700,0.328,20.7,76267.18,24,4,midwest,0
LN-00967,615,0.21,14.8,39644.46,24,1,midwest,1
LN-00968,796,0.491,14.8,40691.7,24,2,midwest,0
LN-00969,530,0.176,8.5,116177.86,36,5,northeast,1
LN-00970,609,0.614,11.2,55509.4,24,3,west,1
LN-00971,645,0.187,21.6,56419.44,24,1,west,0
LN-00972,663,0.141,18.1,68518.27,36,1,midwest,0
LN-00973,662,0.364,13.0,52092.77,24,4,northeast,1
LN-00974,564,0.376,9.2,68557.23,24,1,southeast,0
LN-00975,587,0.37,1.3,54718.57,36,0,midwest,1
LN-00976,548,0.329,3.6,100072.22,24,4,midwest,1
LN-00977,691,0.647,4.8,109540.87,60,1,northeast,0
LN-00978,625,0.357,9.3,112192.68,36,4,west,1
LN-00979,689,0.352,23.6,69894.06,60,3,west,1
LN-00980,696,0.32,12.6,55847.08,60,5,midwest,0
LN-00981,730,0.118,5.9,86102.61,60,3,southeast,1
LN-00982,684,0.418,2.6,101407.21,48,5,midwest,1
LN-00983,714,0.21,8.5,69742.96,36,5,northeast,1
LN-00984,696,0.443,20.4,85497.82,48,1,midwest,0
LN-00985,715,0.109,9.6,91218.88,24,5,northeast,1
LN-00986,704,0.639,19.3,82785.28,60,4,northeast,1
LN-00987,614,0.347,20.1,90805.36,36,0,midwest,0
LN-00988,593,0.591,2.8,28994.21,24,0,midwest,1
LN-00989,756,0.351,15.2,62313.07,24,1,west,0
LN-00990,622,0.114,24.0,72650.88,24,0,midwest,0
LN-00991,684,0.549,10.1,5284.96,24,2,west,0
LN-00992,579,0.449,1.3,103435.69,48,5,west,1
LN-00993,649,0.526,23.1,75152.82,24,2,southeast,1
LN-00994,678,0.324,22.1,19850.68,60,0,west,0
LN-00995,707,0.444,13.1,98881.06,36,2,southeast,1
LN-00996,677,0.568,13.8,87461.55,48,1,midwest,1
LN-00997,628,0.44,5.3,92204.45,36,5,northeast,1
LN-00998,808,0.278,20.5,50084.88,24,0,northeast,0
LN-00999,673,0.458,12.5,103233.29,24,4,midwest,0
